term,coefficient
x1,1.8104549013676556
x2,-1.060637756840875
x3,-0.461612338166581
x1^2,-1.317723341434181
x1 x2,2.774165180165508
x1 x3,0.48117083367629304
x2^2,-0.2599903810886659
x2 x3,0.7436215172553445
x3^2,0.31640497908255205
x1^3,-0.18663994179499516
x1^2 x2,-1.8211506478234953
x1^2 x3,0.5466150561947557
x1 x2^2,-0.6135787061199317
x1 x2 x3,-0.2540494075245686
x1 x3^2,-1.9156577789568725
x2^3,0.448555218135899
x2^2 x3,0.419468507153869
x2 x3^2,0.5512544341814305
x3^3,-0.045072411901126944
x1^4,0.6578401757523007
x1^3 x2,1.7495839932373027
x1^3 x3,1.9663993168245184
x1^2 x2^2,-1.6714993951558095
x1^2 x2 x3,1.6597701931397153
x1^2 x3^2,0.942600342337281
x1 x2^3,-1.7657694561719433
x1 x2^2 x3,-2.0356803544236914
x1 x2 x3^2,-0.038194460904878096
x1 x3^3,-2.2254031334638102
x2^4,1.7155609785092247
x2^3 x3,0.6549669598400075
x2^2 x3^2,0.6515770187743376
x2 x3^3,-0.948516856209891
x3^4,-1.5462414681915775
x1^5,1.0361569448933752
x1^4 x2,-0.41535333022340787
x1^4 x3,0.5882166267257489
x1^3 x2^2,-0.9164055978432865
x1^3 x2 x3,1.197348960498754
x1^3 x3^2,0.32350402895983355
x1^2 x2^3,-0.09884798972347268
x1^2 x2^2 x3,-0.47090344728808475
x1^2 x2 x3^2,-2.1848393970749562
x1^2 x3^3,-0.7633768149718351
x1 x2^4,-0.22437981038732732
x1 x2^3 x3,0.2514332324389681
x1 x2^2 x3^2,2.494335889392715
x1 x2 x3^3,0.4445688956465289
x1 x3^4,0.43026476399184105
x2^5,0.5350365921351352
x2^4 x3,-0.03479963462119671
x2^3 x3^2,1.0445115488614818
x2^2 x3^3,2.8318092539254023
x2 x3^4,1.7360345372076127
x3^5,0.5436228786865147
x1^6,0.2895819178021507
x1^5 x2,0.42888480434387793
x1^5 x3,1.3927706235415784
x1^4 x2^2,2.0350495653105534
x1^4 x2 x3,0.8157195578713232
x1^4 x3^2,1.5394692960215595
x1^3 x2^3,-0.5149541470582576
x1^3 x2^2 x3,6.191175029521615
x1^3 x2 x3^2,-4.488855946580879
x1^3 x3^3,0.9539814875985184
x1^2 x2^4,1.862685963042055
x1^2 x2^3 x3,-0.14771966311962775
x1^2 x2^2 x3^2,-3.7704551099082364
x1^2 x2 x3^3,1.0935783997728157
x1^2 x3^4,0.8778999748445951
x1 x2^5,-0.8719512069734204
x1 x2^4 x3,-2.612328940265857
x1 x2^3 x3^2,-1.742739494091666
x1 x2^2 x3^3,1.4576573113564248
x1 x2 x3^4,2.868747843480788
x1 x3^5,-1.203319329484955
x2^6,1.781955137421874
x2^5 x3,-0.6345699367376059
x2^4 x3^2,1.081199893660571
x2^3 x3^3,0.49279061331067586
x2^2 x3^4,-0.9234209802173484
x2 x3^5,0.5438881174749612
x3^6,-0.8516428554926359
x1^7,1.2567480688377664
x1^6 x2,1.371627171431063
x1^6 x3,-0.13021623900682333
x1^5 x2^2,-0.6317184014759564
x1^5 x2 x3,1.188462152818796
x1^5 x3^2,0.8483387301946075
x1^4 x2^3,0.1549343275488528
x1^4 x2^2 x3,1.488719879278055
x1^4 x2 x3^2,0.5968860323141807
x1^4 x3^3,-0.5428868319003394
x1^3 x2^4,-0.09334480704243245
x1^3 x2^3 x3,1.6539376793623464
x1^3 x2^2 x3^2,-1.1973937971663446
x1^3 x2 x3^3,0.5458255746695853
x1^3 x3^4,1.2936865688408319
x1^2 x2^5,-0.09462010541004805
x1^2 x2^4 x3,0.579649337528031
x1^2 x2^3 x3^2,-3.2226799446319605
x1^2 x2^2 x3^3,1.4945205480227501
x1^2 x2 x3^4,1.653234298670283
x1^2 x3^5,-1.08626452200329
x1 x2^6,-0.47448982920466215
x1 x2^5 x3,0.8791761558792061
x1 x2^4 x3^2,0.722933392780529
x1 x2^3 x3^3,0.33920701460526237
x1 x2^2 x3^4,2.6981590407491294
x1 x2 x3^5,0.8772339001102234
x1 x3^6,-0.509308789700867
x2^7,1.1273457837759988
x2^6 x3,-0.4440482163252275
x2^5 x3^2,1.120710874031989
x2^4 x3^3,1.2979430375921275
x2^3 x3^4,0.5906778968858708
x2^2 x3^5,1.5623984104216673
x2 x3^6,1.4409581461123948
x3^7,0.5380825914847891
x1^8,-0.0005807181392763655
x1^7 x2,-2.9141267492062073
x1^7 x3,-1.8678051750233358
x1^6 x2^2,4.2557977241245055
x1^6 x2 x3,-3.0370504730270365
x1^6 x3^2,0.7238818515435702
x1^5 x2^3,1.8348348890199424
x1^5 x2^2 x3,-0.30655442131911725
x1^5 x2 x3^2,2.8250233787216135
x1^5 x3^3,0.44649551515796815
x1^4 x2^4,-3.4494210878595317
x1^4 x2^3 x3,-0.29770763556099944
x1^4 x2^2 x3^2,2.3156486445982583
x1^4 x2 x3^3,-3.920974056816591
x1^4 x3^4,5.344917386574154
x1^3 x2^5,3.453120133961833
x1^3 x2^4 x3,-2.170847569710561
x1^3 x2^3 x3^2,4.617634826136504
x1^3 x2^2 x3^3,-6.445139359879174
x1^3 x2 x3^4,2.532850750695373
x1^3 x3^5,1.2352447998632063
x1^2 x2^6,-2.201838087255626
x1^2 x2^5 x3,-4.193942514698575
x1^2 x2^4 x3^2,-1.1439679565339238
x1^2 x2^3 x3^3,1.665748926697926
x1^2 x2^2 x3^4,4.430677045424615
x1^2 x2 x3^5,0.050728773111543855
x1^2 x3^6,1.1772053544279069
x1 x2^7,1.4424176117640792
x1 x2^6 x3,0.6122941261682959
x1 x2^5 x3^2,3.1212816407600896
x1 x2^4 x3^3,0.583451643607972
x1 x2^3 x3^4,-2.940926213241666
x1 x2^2 x3^5,1.1010241195298034
x1 x2 x3^6,-1.236163691005795
x1 x3^7,1.7750859608325058
x2^8,1.2967473636291702
x2^7 x3,-1.8038960732792289
x2^6 x3^2,-2.9552629287062095
x2^5 x3^3,-0.8149432185283063
x2^4 x3^4,-1.001662767898494
x2^3 x3^5,0.6813291969691638
x2^2 x3^6,-1.6781803666566806
x2 x3^7,0.5888782270137459
x3^8,0.005566503218114369
x1^9,0.7709383866147914
x1^8 x2,2.1884330027542664
x1^8 x3,0.04976290146824377
x1^7 x2^2,-1.5607590124569957
x1^7 x2 x3,1.7558150845420093
x1^7 x3^2,-0.21007691101358467
x1^6 x2^3,0.43299550226115263
x1^6 x2^2 x3,-1.9501500105670049
x1^6 x2 x3^2,-1.3461909030871806
x1^6 x3^3,-0.8665202377781802
x1^5 x2^4,-0.9145422788524756
x1^5 x2^3 x3,0.4957241943402195
x1^5 x2^2 x3^2,-2.1196989479456234
x1^5 x2 x3^3,1.202368021486126
x1^5 x3^4,-0.08351011273894861
x1^4 x2^5,0.4114636716083696
x1^4 x2^4 x3,-3.680686404327696
x1^4 x2^3 x3^2,-0.09994662313856018
x1^4 x2^2 x3^3,1.372732289708396
x1^4 x2 x3^4,4.97777755359353
x1^4 x3^5,-0.23840647316297747
x1^3 x2^6,-0.5255223270820742
x1^3 x2^5 x3,-1.1682166142564545
x1^3 x2^4 x3^2,0.5615553511241366
x1^3 x2^3 x3^3,-3.594078901717183
x1^3 x2^2 x3^4,2.7857186172156188
x1^3 x2 x3^5,0.3959922959546063
x1^3 x3^6,-1.6114083084469493
x1^2 x2^7,0.5947759296557297
x1^2 x2^6 x3,1.055863038248996
x1^2 x2^5 x3^2,1.0450657167221409
x1^2 x2^4 x3^3,3.108550513242673
x1^2 x2^3 x3^4,-1.2861601650813512
x1^2 x2^2 x3^5,-2.9041530045001203
x1^2 x2 x3^6,1.6767086859015843
x1^2 x3^7,0.3025914745572963
x1 x2^8,-1.0255676151726327
x1 x2^7 x3,-3.605586558109639
x1 x2^6 x3^2,1.1042452614812643
x1 x2^5 x3^3,-0.10791504909238192
x1 x2^4 x3^4,-1.4388687430436449
x1 x2^3 x3^5,-2.610991200478328
x1 x2^2 x3^6,-4.7527380881150085
x1 x2 x3^7,-1.0116724873574066
x1 x3^8,-1.8902489026818787
x2^9,1.695554068526497
x2^8 x3,-0.7045214266199221
x2^7 x3^2,2.9106822989861914
x2^6 x3^3,-0.8924063448639568
x2^5 x3^4,-1.1611766235613281
x2^4 x3^5,-1.2356967996755999
x2^3 x3^6,-1.3029158818532296
x2^2 x3^7,0.7166099226374336
x2 x3^8,0.5136364674173413
x3^9,0.8068828060687231
