problem,model,degree,fold,selected_alpha,selected_l1_ratio,train_mse,validation_mse,train_r2,validation_r2
var2,Linear Regression,1,1,,,35.556699471576955,29.231940461562996,0.26146861638002883,0.2299963996386566
var2,Linear Regression,1,2,,,35.890972287468045,28.04395286673253,0.26761565839044144,0.20388762414264772
var2,Linear Regression,1,3,,,33.52125892370616,37.27755314757779,0.25851101286927536,0.2600852989972777
var2,Linear Regression,1,4,,,34.05001098169624,35.13783024419731,0.2700103541891663,0.214200384396539
var2,Linear Regression,1,5,,,32.08693609190222,43.19908999197173,0.24054186940269573,0.305900650654092
var2,Polynomial Regression,1,1,,,35.55669947157695,29.231940461563,0.26146861638002894,0.22999639963865648
var2,Polynomial Regression,1,2,,,35.890972287468045,28.04395286673253,0.26761565839044144,0.20388762414264772
var2,Polynomial Regression,1,3,,,33.52125892370616,37.27755314757779,0.25851101286927536,0.2600852989972777
var2,Polynomial Regression,1,4,,,34.05001098169624,35.13783024419731,0.2700103541891663,0.214200384396539
var2,Polynomial Regression,1,5,,,32.086936091902224,43.199089991971725,0.24054186940269562,0.3059006506540921
var2,Ridge,1,1,10.0,,35.558641390175175,29.20396654838286,0.26142828170750476,0.230733265324779
var2,Ridge,1,2,1e-06,,35.890972287468045,28.043952862114303,0.26761565839044144,0.20388762427375007
var2,Ridge,1,3,1e-06,,33.521258923706164,37.27755314799053,0.25851101286927536,0.2600852989890853
var2,Ridge,1,4,1e-06,,34.05001098169624,35.137830241897525,0.2700103541891662,0.21420038444796996
var2,Ridge,1,5,10.0,,32.0886057198688,43.29075865141443,0.24050235137172316,0.3044277687742558
var2,Lasso,1,1,0.1478352277670288,,35.606504792711505,29.130079878491138,0.2604341336165614,0.23267952687762194
var2,Lasso,1,2,0.003292394287014078,,35.8910047563488,28.03181041737353,0.2676149958366476,0.2042323242729701
var2,Lasso,1,3,0.140841020358908,,33.57061462505092,37.24366212218716,0.2574192666111009,0.26075799518576703
var2,Lasso,1,4,0.04409322646901099,,34.05388089559975,35.09547422043599,0.26992738807554995,0.21514760700416236
var2,Lasso,1,5,0.13256512555793085,,32.123987932089484,43.693370146428144,0.2396648981268089,0.2979588274891468
var2,Elastic Net,1,1,0.14932851289598867,0.99,35.60846994433607,29.128448126849918,0.26039331638183816,0.23272250912987058
var2,Elastic Net,1,2,0.0033256507949637154,0.99,35.89100586249881,28.03168886559255,0.26761497326476147,0.20423577488771072
var2,Elastic Net,1,3,0.1422636569281899,0.99,33.57238726202553,37.24634107479334,0.2573800559478664,0.2607048211909837
var2,Elastic Net,1,4,0.0445386125949606,0.99,34.054063479919414,35.09483388831554,0.26992347369611214,0.21516192697584569
var2,Elastic Net,1,5,0.13390416723023318,0.99,32.12548876278157,43.70431206426303,0.2396293753187575,0.2977830187382865
var2,Polynomial Regression,2,1,,,23.267023156303395,20.716611717589725,0.5167316691449775,0.45430014710083466
var2,Polynomial Regression,2,2,,,23.956766902856707,18.343269651072077,0.5111427794512909,0.4792708413003218
var2,Polynomial Regression,2,3,,,21.337629143441127,28.55270008899354,0.5280124455542993,0.43326316334309056
var2,Polynomial Regression,2,4,,,23.10668273853574,21.468257758426898,0.5046216238451642,0.5198978258757523
var2,Polynomial Regression,2,5,,,21.455756541093496,28.26932052894081,0.4921687534584501,0.5457840202366461
var2,Ridge,2,1,1e-06,,23.267023156303395,20.71661171619813,0.5167316691449775,0.4543001471374909
var2,Ridge,2,2,3.1622776601683795,,23.957159616271934,18.329544994321733,0.5111347658161699,0.4796604571702838
var2,Ridge,2,3,1e-06,,21.33762914344113,28.552700079010286,0.5280124455542992,0.43326316354124605
var2,Ridge,2,4,3.1622776601683795,,23.107060690165103,21.46858873432372,0.5046135210349711,0.5198904241457454
var2,Ridge,2,5,1e-06,,21.455756541093496,28.26932054090676,0.4921687534584501,0.5457840200443838
var2,Lasso,2,1,0.0032704349926033186,,23.26711979027709,20.715886925198063,0.5167296620064253,0.45431923898260107
var2,Lasso,2,2,0.02808964963162725,,23.96381586687542,18.220333456133382,0.5109989396346784,0.4827607568160339
var2,Lasso,2,3,0.003115707996889614,,21.337719154045214,28.540161764916284,0.528010454523121,0.4335120340314098
var2,Lasso,2,4,0.0032095256030022726,,23.10677855412359,21.466499089634354,0.5046195696788065,0.5199371556024757
var2,Lasso,2,5,0.01224465431572475,,21.457144730500936,28.352109052159868,0.49213589673042635,0.5444538195284753
var2,Elastic Net,2,1,0.003303469689498301,0.99,23.2671223318981,20.715852093272915,0.5167296092156177,0.4543201564963668
var2,Elastic Net,2,2,0.028373383466290134,0.99,23.96400472160016,18.219526322605304,0.510995085901151,0.48278366974110287
var2,Elastic Net,2,3,0.003147179794837994,0.99,21.337721673716473,28.53991392335881,0.5280103987880873,0.433516953388943
var2,Elastic Net,2,4,0.006419051206004545,0.5,23.107276077940405,21.46695928133677,0.504608903390475,0.5199268641741105
var2,Elastic Net,2,5,0.012368337692651258,0.99,21.457180324300907,28.353325180361924,0.4921350542691608,0.5444342794457113
var2,Polynomial Regression,3,1,,,11.383222279587958,11.091655489355372,0.7635644751865117,0.7078327840739369
var2,Polynomial Regression,3,2,,,10.930311926962972,13.350062958416919,0.7769581375478359,0.6210181071770986
var2,Polynomial Regression,3,3,,,10.802930406500042,13.553248713617936,0.7610395855540321,0.7309842754471733
var2,Polynomial Regression,3,4,,,11.283231393677447,11.204249894939622,0.7581016319466114,0.749435431858442
var2,Polynomial Regression,3,5,,,11.171068625465558,11.896252270543423,0.7355946086354014,0.8088575254207088
var2,Ridge,3,1,1e-06,,11.38322227958796,11.091655459304773,0.7635644751865117,0.7078327848655049
var2,Ridge,3,2,1e-06,,10.930311926962972,13.350062914285273,0.7769581375478359,0.6210181084299088
var2,Ridge,3,3,1e-06,,10.802930406500042,13.55324872666904,0.7610395855540321,0.7309842751881246
var2,Ridge,3,4,1e-06,,11.283231393677447,11.204249891864684,0.7581016319466114,0.749435431927208
var2,Ridge,3,5,1e-06,,11.171068625465562,11.896252307359104,0.7355946086354013,0.8088575248291745
var2,Lasso,3,1,0.003945043402402421,,11.385020929754747,11.056237873320724,0.7635271162747999,0.708765725624593
var2,Lasso,3,2,0.0040106672882941775,,10.9321812847704,13.27987806820081,0.7769199917886166,0.6230105174469616
var2,Lasso,3,3,0.0037845394626377974,,10.804606971032772,13.59473231083234,0.7610025000096001,0.7301608758182359
var2,Lasso,3,4,0.0038716316833591886,,11.285018632051706,11.19378875349259,0.7580633157913389,0.7496693780318603
var2,Lasso,3,5,0.003414792297518066,,11.172400682212176,11.952331640441392,0.7355630804981016,0.8079564727789716
var2,Elastic Net,3,1,0.0039848923256590105,0.99,11.38511929628929,11.055409715751534,0.7635250731500459,0.7087875402663811
var2,Elastic Net,3,2,0.004051179079085029,0.99,10.932283072552076,13.278568387129166,0.7769179147265389,0.6230476967031997
var2,Elastic Net,3,3,0.0038227671339775733,0.99,10.804687931497224,13.595203679892318,0.7610007091671702,0.7301515197079864
var2,Elastic Net,3,4,0.00391073907410019,0.99,11.285110438372504,11.193791827923414,0.7580613475786521,0.749669309277286
var2,Elastic Net,3,5,0.0034492851490081473,0.99,11.172465326184506,11.953390081413495,0.7355615504551507,0.8079394663283682
var2,Polynomial Regression,4,1,,,3.5758827219955545,2.745180868053483,0.9257270316540716,0.927688715881736
var2,Polynomial Regression,4,2,,,3.2883714917513065,4.139690979885054,0.9328981179260267,0.8824823577128081
var2,Polynomial Regression,4,3,,,3.170123191191408,4.438956422398367,0.9298769941944576,0.9118920412764158
var2,Polynomial Regression,4,4,,,3.404518199958942,3.4577627956316133,0.9270113881525462,0.9226728384543899
var2,Polynomial Regression,4,5,,,3.2478728357618336,4.13366934401841,0.9231268630572693,0.9335824619771499
var2,Ridge,4,1,1e-06,,3.5758827219955593,2.745180854477102,0.9257270316540714,0.9276887162393538
var2,Ridge,4,2,1e-06,,3.28837149175131,4.1396909795914985,0.9328981179260267,0.8824823577211416
var2,Ridge,4,3,1e-06,,3.1701231911914114,4.43895646875333,0.9298769941944576,0.9118920403563253
var2,Ridge,4,4,1e-06,,3.404518199958947,3.4577627759449587,0.9270113881525461,0.9226728388946495
var2,Ridge,4,5,1e-06,,3.247872835761838,4.133669340021795,0.9231268630572692,0.9335824620413653
var2,Lasso,4,1,0.0039450434024024235,,3.5820186380127153,2.735304478289558,0.925599585445248,0.9279488715729667
var2,Lasso,4,2,0.004010667288294168,,3.2949315032036153,4.133372092051001,0.9327642555823162,0.8826617384452695
var2,Lasso,4,3,0.0037845394626378,,3.175661398458016,4.487181284248001,0.929754489257934,0.9109348356332474
var2,Lasso,4,4,0.0038716316833591878,,3.4108401491908378,3.4356694825796414,0.9268758534684868,0.9231669189591619
var2,Lasso,4,5,0.0034147922975180625,,3.252871636894434,4.161725096636414,0.9230085476109917,0.9331316774897641
var2,Elastic Net,4,1,0.003984892325659014,0.99,3.5823046343355394,2.735173443102821,0.9255936451509253,0.9279523231934875
var2,Elastic Net,4,2,0.004051179079085018,0.99,3.2952174185152807,4.133624786064485,0.9327584212489465,0.8826545649618309
var2,Elastic Net,4,3,0.0038227671339775755,0.99,3.1759047590374205,4.488812880800074,0.929749106131067,0.9109024503994257
var2,Elastic Net,4,4,0.00391073907410019,0.99,3.411118657444232,3.4353941181541803,0.9268698825998911,0.9231730770303397
var2,Elastic Net,4,5,0.003449285149008144,0.99,3.2530900665577906,4.161901342810228,0.9230033776507524,0.9331288456626448
var2,Polynomial Regression,5,1,,,1.2285034708182854,1.410642389181351,0.9744833355860089,0.962842024807754
var2,Polynomial Regression,5,2,,,1.163708941029107,1.7613080549949083,0.9762535770896809,0.949999946621574
var2,Polynomial Regression,5,3,,,1.151704316083337,1.7407087350025632,0.9745243438275886,0.9654490202698313
var2,Polynomial Regression,5,4,,,1.2687235169544149,1.199762297737144,0.9728001547115128,0.9731692951492625
var2,Polynomial Regression,5,5,,,1.2456338098803363,1.2822017725270791,0.9705173868283653,0.9793982832460912
var2,Ridge,5,1,0.01,,1.2285066240561888,1.4104510255503322,0.9744832700915961,0.9628470655502617
var2,Ridge,5,2,0.1,,1.1640929862805078,1.7553515308528649,0.9762457403354592,0.9501690405652526
var2,Ridge,5,3,0.1,,1.151970732571426,1.7466961539823336,0.9745184507048882,0.9653301771873292
var2,Ridge,5,4,0.1,,1.269005658859541,1.197670079694842,0.972794105941969,0.9732160841547867
var2,Ridge,5,5,1e-06,,1.245633809880367,1.2822017772249126,0.9705173868283645,0.9793982831706091
var2,Lasso,5,1,0.004198997663543079,,1.2685896933442438,1.3962857378893971,0.9736507236218456,0.963220195842909
var2,Lasso,5,2,0.004252576071133387,,1.2079586015776895,1.8143264470840932,0.9753506269481313,0.9484948592934489
var2,Lasso,5,3,0.004084310650012003,,1.1861244340668113,1.8417678679496583,0.9737629721118491,0.9634431177407109
var2,Lasso,5,4,0.004104545754204752,,1.3048922118525041,1.1921053078745838,0.972024743132577,0.9733405310977792
var2,Lasso,5,5,0.0036162225499566307,,1.2720122653586245,1.3391798398102095,0.9698930413804794,0.9784827908263306
var2,Elastic Net,5,1,0.0042414117813566465,0.99,1.2695781241292172,1.3964443616156483,0.973630193393616,0.9632160175078964
var2,Elastic Net,5,2,0.004295531384983218,0.99,1.209132243177093,1.8158203547405936,0.9753266778412869,0.9484524502087033
var2,Elastic Net,5,3,0.004125566313143436,0.99,1.1870514371139975,1.844229602150528,0.9737424668392969,0.9633942552706348
var2,Elastic Net,5,4,0.0041460058123280324,0.99,1.3059665013688475,1.1922239126963141,0.9720017117090642,0.973337878696573
var2,Elastic Net,5,5,0.0036527500504612434,0.99,1.2728898515366713,1.3401407786656876,0.9698722699999927,0.9784673509864064
var2,Polynomial Regression,6,1,,,0.3997872807904529,0.4625268663862399,0.9916962075214023,0.9878164998026884
var2,Polynomial Regression,6,2,,,0.3877517390552345,0.5516207817386153,0.9920876118974608,0.9843405766223787
var2,Polynomial Regression,6,3,,,0.40073439261258875,0.48700656064427206,0.9911357703013768,0.990333504125689
var2,Polynomial Regression,6,4,,,0.39538755422841215,0.5058364839051351,0.991523385386737,0.9886878013853316
var2,Polynomial Regression,6,5,,,0.3829474980728065,0.5385483408436023,0.9909361058914975,0.9913468998295952
var2,Ridge,6,1,0.03162277660168379,,0.39990775499691444,0.4618653125396362,0.9916937052086536,0.9878339259070001
var2,Ridge,6,2,0.01,,0.38776384015139065,0.5515386925346882,0.9920873649647983,0.9843429069725788
var2,Ridge,6,3,0.1,,0.4015882971598325,0.49831761976833805,0.991116881964895,0.990108993174107
var2,Ridge,6,4,0.01,,0.39540349867928953,0.5037756551216116,0.9915230435576535,0.9887338884218578
var2,Ridge,6,5,1e-06,,0.38294749807291817,0.5385483549066139,0.9909361058914948,0.9913468996036384
var2,Lasso,6,1,0.004198997663543079,,0.5344936095295274,0.5617093128097527,0.9888982860938086,0.9852039178244523
var2,Lasso,6,2,0.004252576071133387,,0.5183888176198519,0.7491842113099149,0.9894218565646705,0.9787321414618307
var2,Lasso,6,3,0.004084310650012003,,0.5116763029955534,0.7902676768557209,0.9886817394146658,0.9843141348489819
var2,Lasso,6,4,0.004104545754204752,,0.5358497978345889,0.5126615709143698,0.9885120505735122,0.9885351695719543
var2,Lasso,6,5,0.0036162225499566307,,0.4822954812975634,0.6634906595029767,0.9885846618831826,0.9893393949931888
var2,Elastic Net,6,1,0.0042414117813566465,0.99,0.536671941555704,0.5643316417459423,0.9888530409898145,0.9851348426043226
var2,Elastic Net,6,2,0.004295531384983218,0.99,0.5203772310365076,0.7518842752483532,0.9893812813793749,0.9786554919849467
var2,Elastic Net,6,3,0.004125566313143436,0.99,0.513414654239509,0.7935448739782588,0.9886432871505043,0.9842490864183767
var2,Elastic Net,6,4,0.0041460058123280324,0.99,0.5381487984450503,0.5143551457532451,0.988462762876006,0.988497295564136
var2,Elastic Net,6,5,0.0036527500504612434,0.99,0.48412270662496554,0.665465412462967,0.9885414137174072,0.9893076657427601
var2,Polynomial Regression,7,1,,,0.21252457534058075,0.285436935961354,0.9955857525863728,0.992481256293767
var2,Polynomial Regression,7,2,,,0.21431572950905475,0.26932698448606707,0.9956267140606868,0.9923543393999905
var2,Polynomial Regression,7,3,,,0.21705600357936522,0.258580830181528,0.9951987293612387,0.9948674807895423
var2,Polynomial Regression,7,4,,,0.1970813172650921,0.3719586783169181,0.9957748230664708,0.9916817576836556
var2,Polynomial Regression,7,5,,,0.21097542154225762,0.28364770875198936,0.9950064724538502,0.9954425037628153
var2,Ridge,7,1,0.03162277660168379,,0.21346097391196953,0.28065668893598156,0.9955663030946365,0.9926071736075696
var2,Ridge,7,2,0.1,,0.21684941506298536,0.27605764287386825,0.9955750121560575,0.9921632693156247
var2,Ridge,7,3,0.1,,0.21996114877732623,0.2627617235778734,0.9951344676586813,0.9947844950722385
var2,Ridge,7,4,0.03162277660168379,,0.19800422245697594,0.3595844822833209,0.9957550371335235,0.9919584861674302
var2,Ridge,7,5,1e-06,,0.21097542154317364,0.283647797502627,0.9950064724538286,0.9954425023368186
var2,Lasso,7,1,0.004198997663543079,,0.3638468150127151,0.3955952571005417,0.992442709933416,0.9895795569009926
var2,Lasso,7,2,0.00425613789519595,,0.3543758278545509,0.5253195463147508,0.9927686743817687,0.9850872166955803
var2,Lasso,7,3,0.004102345341334472,,0.3565122689712673,0.5143713904283065,0.9921139620137526,0.9897903450892713
var2,Lasso,7,4,0.004104545754204752,,0.35620678154716306,0.3746067119843008,0.9923633721458471,0.9916225387784622
var2,Lasso,7,5,0.0036162225499566307,,0.327707682696762,0.41653530881930095,0.9922435640669952,0.9933073384905838
var2,Elastic Net,7,1,0.0042414117813566465,0.99,0.3650675278174077,0.3972308708924753,0.9924173550852425,0.989536472915164
var2,Elastic Net,7,2,0.004299129187066615,0.99,0.3554617371797498,0.5259130187564783,0.9927465155229945,0.985070369186321
var2,Elastic Net,7,3,0.004143783173065123,0.99,0.3576103736029664,0.516108397756392,0.9920896719805836,0.9897558675780272
var2,Elastic Net,7,4,0.0041460058123280324,0.99,0.3576882600895581,0.3756020328046556,0.9923316110989265,0.9916002800700389
var2,Elastic Net,7,5,0.0036527500504612434,0.99,0.3288740814380013,0.4175721457578439,0.9922159568499953,0.9932906791617749
var2,Polynomial Regression,8,1,,,0.15665713632748762,0.26408431550367484,0.9967461487324388,0.9930437093629084
var2,Polynomial Regression,8,2,,,0.15937829183630534,0.24955666572249086,0.9967477569457168,0.9929155796615586
var2,Polynomial Regression,8,3,,,0.16136553500042422,0.23261234196569966,0.996430600432472,0.9953829241212878
var2,Polynomial Regression,8,4,,,0.15593504194684746,0.2805887313927689,0.9966569477436742,0.9937250958371993
var2,Polynomial Regression,8,5,,,0.1632988678716075,0.2209584613369296,0.9961349175699662,0.9964497603010865
var2,Ridge,8,1,0.31622776601683794,,0.17131609608696038,0.24714724651887038,0.9964416744141111,0.9934898516268821
var2,Ridge,8,2,0.31622776601683794,,0.17309987303950028,0.23707318542690256,0.9964677569742796,0.9932699609859146
var2,Ridge,8,3,0.31622776601683794,,0.1745462278534923,0.223527663494286,0.9961390440021021,0.9955632440883272
var2,Ridge,8,4,0.1,,0.16062185355918623,0.2746044301288636,0.9965564683649536,0.9938589248642095
var2,Ridge,8,5,0.1,,0.16739698252492294,0.22099585211616002,0.9960379202597629,0.9964491595264975
var2,Lasso,8,1,0.004198997663543079,,0.26497476711991313,0.2959734478600742,0.9944963344659737,0.992203712211193
var2,Lasso,8,2,0.00425613789519595,,0.2626816980879585,0.32021666776544505,0.9946397673218175,0.9909096819062806
var2,Lasso,8,3,0.004102345341334472,,0.26197138998795894,0.34472560127326574,0.9942052027025147,0.9931576104476517
var2,Lasso,8,4,0.004104545754204752,,0.26137674188788695,0.3326449351136806,0.9943964095830543,0.9925609447046624
var2,Lasso,8,5,0.0036162225499566307,,0.25179304780430783,0.31390081168731837,0.994040369674588,0.9949564134524174
var2,Elastic Net,8,1,0.0042414117813566465,0.99,0.2651682302978753,0.2961571813224303,0.9944923161338275,0.992198872456278
var2,Elastic Net,8,2,0.0047290421057732766,0.9,0.26571015144496235,0.3243631249200281,0.9945779692796747,0.9907919721856712
var2,Elastic Net,8,3,0.004143783173065123,0.99,0.26224837788092165,0.34530781644663916,0.9941990757407358,0.9931460541750546
var2,Elastic Net,8,4,0.0041460058123280324,0.99,0.2615790441694039,0.3329219917167723,0.9943920724751776,0.992554748790723
var2,Elastic Net,8,5,0.0036527500504612434,0.99,0.25205969740869694,0.31418991254519424,0.994034058407925,0.9949517683379627
var2,Polynomial Regression,9,1,,,0.13998000822042506,0.28705777314871517,0.9970925414707626,0.9924385615410356
var2,Polynomial Regression,9,2,,,0.14101799313048516,0.31174911446365383,0.9971224137026226,0.9911500590032192
var2,Polynomial Regression,9,3,,,0.1447014343250728,0.26300970838010235,0.996799209712909,0.9947795728714689
var2,Polynomial Regression,9,4,,,0.14073524478741056,0.3096951067039297,0.9969828123829185,0.9930741797626389
var2,Polynomial Regression,9,5,,,0.14837707156232083,0.2851505940019101,0.9964880980511984,0.9954183562246541
var2,Ridge,9,1,0.31622776601683794,,0.15440830667269873,0.24417104966381603,0.9967928581093258,0.9935682481430761
var2,Ridge,9,2,0.31622776601683794,,0.15700138022928856,0.24447319269816858,0.9967962597510581,0.9930598894101248
var2,Ridge,9,3,1.0,,0.17145271845168156,0.21622112971004867,0.9962074723137668,0.9957082700169049
var2,Ridge,9,4,0.31622776601683794,,0.15336818064814456,0.2653666619708541,0.9967119780392971,0.9940655123119019
var2,Ridge,9,5,0.1,,0.1555975346363396,0.20909263439839176,0.9963171986118585,0.9966404139180729
var2,Lasso,9,1,0.004198997663543079,,0.23390701568400052,0.26660296945308176,0.995141628033569,0.9929773650635397
var2,Lasso,9,2,0.00425613789519595,,0.23259438572574992,0.2845876290878043,0.9952537232848575,0.9919211198717472
var2,Lasso,9,3,0.004102345341334472,,0.2366666890314352,0.2933074236056825,0.9947649417363201,0.9941781995781775
var2,Lasso,9,4,0.004104545754204752,,0.23161884464079782,0.318024977509384,0.9950343816789563,0.9928878959417125
var2,Lasso,9,5,0.0036162225499566307,,0.22866077449208425,0.272292579500822,0.9945878820015939,0.9956249517686978
var2,Elastic Net,9,1,0.0042414117813566465,0.99,0.23413918826062394,0.2667641828804142,0.9951368056868157,0.992973118512763
var2,Elastic Net,9,2,0.005674850526927932,0.75,0.24217891265172029,0.28585898533725007,0.9950581432547014,0.9918850285814389
var2,Elastic Net,9,3,0.004558161490371636,0.9,0.23921842793265807,0.29990553437551837,0.99470849736776,0.9940472349964058
var2,Elastic Net,9,4,0.0041460058123280324,0.99,0.23185913594984123,0.3183068630225126,0.9950292301338459,0.9928815920371651
var2,Elastic Net,9,5,0.0040180250555073675,0.9,0.23070189471375857,0.27380788054161753,0.9945395712079601,0.9956006047403999
var2,Polynomial Regression,10,1,,,0.12495804232876118,0.3560301560172042,0.9974045556177318,0.9906217480727655
var2,Polynomial Regression,10,2,,,0.12215876554261486,0.7036606148557416,0.9975072515072264,0.9800244663599266
var2,Polynomial Regression,10,3,,,0.12595427159288353,0.34037571305204095,0.9972138962477287,0.9932439505094541
var2,Polynomial Regression,10,4,,,0.129087650033663,0.367740230897236,0.9972325222456674,0.9917760963021132
var2,Polynomial Regression,10,5,,,0.1313783714591828,0.34142736835322274,0.9968904362790036,0.994514131796135
var2,Ridge,10,1,1.0,,0.15744343852609793,0.23869588671887715,0.996729816821454,0.9937124703573254
var2,Ridge,10,2,1.0,,0.1594614571814878,0.24690774999520473,0.9967460598895298,0.9929907771418538
var2,Ridge,10,3,1.0,,0.1605735773778521,0.21736031504047368,0.9964481185053089,0.9956856585549935
var2,Ridge,10,4,1.0,,0.15697495176458076,0.26278713338959947,0.9966346533778977,0.9941231992138392
var2,Ridge,10,5,0.31622776601683794,,0.15591005192816612,0.20446612721541407,0.9963098017137082,0.9967147501049242
var2,Lasso,10,1,0.004198997663543079,,0.21452182245563747,0.2572787016586863,0.9955442687114003,0.9932229772144627
var2,Lasso,10,2,0.00425613789519595,,0.22010851597644845,0.2547536729547987,0.9955085075638267,0.9927680469012976
var2,Lasso,10,3,0.004102345341334472,,0.2193754781389741,0.2619605739886385,0.9951474226711828,0.9948003969302932
var2,Lasso,10,4,0.004104545754204752,,0.21099168203024576,0.3436251453590178,0.9954766022449424,0.9923153904137438
var2,Lasso,10,5,0.0036162225499566307,,0.2128159604397228,0.25454965260173174,0.9949629091723217,0.9959100354132477
var2,Elastic Net,10,1,0.0042414117813566465,0.99,0.21462605377418473,0.2571567611351035,0.9955421037719924,0.9932261892708882
var2,Elastic Net,10,2,0.004299129187066615,0.99,0.22026488111469014,0.254662098670039,0.9955053168066105,0.9927706465141893
var2,Elastic Net,10,3,0.005469793788445963,0.75,0.2225319046179061,0.269778151608721,0.9950776026361375,0.9946452273947706
var2,Elastic Net,10,4,0.0041460058123280324,0.99,0.21112770037159811,0.34373231875479826,0.9954736861818351,0.9923129936575236
var2,Elastic Net,10,5,0.0036527500504612434,0.99,0.21291242837865518,0.25444291764223764,0.9949606258954031,0.9959117503721959
var2,Polynomial Regression,11,1,,,0.11165560742927014,0.4423981801385613,0.9976808541999354,0.9883467130090828
var2,Polynomial Regression,11,2,,,0.10480372698687689,0.9227649384247915,0.9978613951170581,0.9738045278075373
var2,Polynomial Regression,11,3,,,0.10597531027988168,0.5692356485274306,0.9976558301208455,0.9887013553970982
var2,Polynomial Regression,11,4,,,0.11508986355789645,0.7156981861509913,0.9975326172793245,0.9839945905692792
var2,Polynomial Regression,11,5,,,0.11388491631028021,0.5179902150194826,0.9973044847474214,0.9916772165506406
var2,Ridge,11,1,1.0,,0.15190574578453123,0.24337809158625504,0.9968448376176267,0.9935891355889663
var2,Ridge,11,2,1.0,,0.1539377875687102,0.2749807689695947,0.9968587748391339,0.9921938396366671
var2,Ridge,11,3,1.0,,0.15539362370890708,0.22072091477184316,0.996562698885721,0.995618954682677
var2,Ridge,11,4,1.0,,0.15229454402711606,0.254891583814546,0.996734995465551,0.9942997701568353
var2,Ridge,11,5,1.0,,0.15977373443728138,0.2030713269089442,0.9962183531226931,0.9967371609933333
var2,Lasso,11,1,0.004198997663543079,,0.20983430821609453,0.25806460597718883,0.9956416308521084,0.9932022755728601
var2,Lasso,11,2,0.00425613789519595,,0.21447112316266484,0.2584133415163724,0.995623543127401,0.9926641561464082
var2,Lasso,11,3,0.004102345341334472,,0.21078065013272443,0.2549512150588753,0.9953375399435509,0.9949395242945868
var2,Lasso,11,4,0.004104545754204752,,0.20401382344567018,0.32953034986699264,0.9956261988051142,0.9926305972663774
var2,Lasso,11,5,0.0036162225499566307,,0.20714384496291907,0.24180617577066899,0.9950971611371776,0.9961147906286583
var2,Elastic Net,11,1,0.004665552959492311,0.9,0.21119572491574723,0.25897562768653143,0.9956133535098968,0.9931782781924219
var2,Elastic Net,11,2,0.0047290421057732766,0.9,0.21595871832867553,0.25790298235630327,0.9955931875438989,0.9926786442339255
var2,Elastic Net,11,3,0.004143783173065123,0.99,0.21090012012814432,0.2550850347075076,0.9953348972717437,0.9949368681351303
var2,Elastic Net,11,4,0.0041460058123280324,0.99,0.20416782867763383,0.32966713229898204,0.9956228971255701,0.9926275383529005
var2,Elastic Net,11,5,0.0036527500504612434,0.99,0.20724374714170515,0.24183915968347441,0.9950947965760452,0.9961142606611886
var2,Polynomial Regression,12,1,,,0.08571761630254987,0.9463541953422214,0.9982195999429269,0.9750719204361841
var2,Polynomial Regression,12,2,,,0.07881446678330267,1.9155526589147123,0.9983917270086173,0.9456212472751121
var2,Polynomial Regression,12,3,,,0.07976128837209955,0.856206173757925,0.998235683299906,0.98300533480444
var2,Polynomial Regression,12,4,,,0.08788343346616298,2.1708645486598406,0.9981158891107821,0.9514521950840777
var2,Polynomial Regression,12,5,,,0.09128034189551001,1.5483184012724873,0.9978395070935507,0.9751224668134617
var2,Ridge,12,1,3.1622776601683795,,0.1624201643033842,0.24042738237194997,0.9966264476047152,0.9936668607308063
var2,Ridge,12,2,3.1622776601683795,,0.16449328327526114,0.27576462081781616,0.9966433814050557,0.9921715876324587
var2,Ridge,12,3,3.1622776601683795,,0.16477790691388883,0.225227801997131,0.9963551188940373,0.9955294983790256
var2,Ridge,12,4,1.0,,0.14999281056256297,0.25706731258359183,0.9967843417520307,0.9942511135716537
var2,Ridge,12,5,1.0,,0.15650987147476536,0.20810047900470457,0.9962956047261786,0.9966563553282585
var2,Lasso,12,1,0.004198997663543079,,0.2058066880226147,0.2608667696139243,0.9957252866457674,0.9931284632957749
var2,Lasso,12,2,0.00425613789519595,,0.20867831312621604,0.257560922708116,0.9957417501052068,0.9926883546310474
var2,Lasso,12,3,0.004102345341334472,,0.2062662866522139,0.2508357284267522,0.9954373974940183,0.9950212117661017
var2,Lasso,12,4,0.004104545754204752,,0.2013298575521216,0.3340481295010102,0.9956837396767765,0.9925295645766774
var2,Lasso,12,5,0.0036162225499566307,,0.20311589264981347,0.23915087090776563,0.9951924977914809,0.9961574546148209
var2,Elastic Net,12,1,0.004665552959492311,0.9,0.20747825913912074,0.2613143494227683,0.9956905672328905,0.9931166735186059
var2,Elastic Net,12,2,0.0047290421057732766,0.9,0.2110295443682007,0.25650078607559584,0.995693771328501,0.992718449814036
var2,Elastic Net,12,3,0.005469793788445963,0.75,0.2104291579025117,0.25671651774237736,0.9953453149384685,0.9949044851544889
var2,Elastic Net,12,4,0.008209091508409504,0.5,0.2139827076581412,0.3515964993287515,0.9954124783966449,0.9921371242304957
var2,Elastic Net,12,5,0.0036527500504612434,0.99,0.20322570999773215,0.23906702016210368,0.9951898985505463,0.9961588018827383
var2,Polynomial Regression,13,1,,,0.056385832118995845,3.770651958992565,0.9988288365559719,0.9006766044850316
var2,Polynomial Regression,13,2,,,0.05512772912176632,32.755887786362926,0.9988750740639207,0.07012510779631209
var2,Polynomial Regression,13,3,,,0.04594339565984201,4.611694087805194,0.9989837338152873,0.9084634058843499
var2,Polynomial Regression,13,4,,,0.058099240121612425,9.320657957826315,0.9987544249621225,0.7915588586565963
var2,Polynomial Regression,13,5,,,0.05970686259823919,25.99159076623475,0.9985868123362476,0.5823813362119108
var2,Ridge,13,1,3.1622776601683795,,0.15985055546788557,0.24593048647304827,0.996679819734211,0.9935219025137294
var2,Ridge,13,2,3.1622776601683795,,0.16189857175441638,0.3088873438720511,0.9966963285939376,0.9912312990122745
var2,Ridge,13,3,3.1622776601683795,,0.1622517963972606,0.2315783334876137,0.9964109963636937,0.995403447948881
var2,Ridge,13,4,3.1622776601683795,,0.1604892818001089,0.26085479794673416,0.9965593105376479,0.994166412708744
var2,Ridge,13,5,3.1622776601683795,,0.16713315965698272,0.21134942553523184,0.9960441646210669,0.9966041530324852
var2,Lasso,13,1,0.004198997663543079,,0.2015105904159617,0.2605151482687368,0.9958145188567645,0.9931377254144533
var2,Lasso,13,2,0.00425613789519595,,0.2050373451134586,0.25928503367011396,0.9958160470047025,0.9926394105295964
var2,Lasso,13,3,0.004102345341334472,,0.20158543296794673,0.24932510723407653,0.9955409378015333,0.9950511957841964
var2,Lasso,13,4,0.004104545754204752,,0.1997056457762112,0.32766204798606374,0.9957185607456935,0.992672378756289
var2,Lasso,13,5,0.0036162225499566307,,0.20036213946459802,0.23726667560219716,0.9952576757268307,0.9961877288343908
var2,Elastic Net,13,1,0.0042414117813566465,0.99,0.20170167459134775,0.26061313226226007,0.9958105499377553,0.9931351444011303
var2,Elastic Net,13,2,0.004299129187066615,0.99,0.2052300172333311,0.25928061333962893,0.9958121153741373,0.9926395360140393
var2,Elastic Net,13,3,0.004558161490371636,0.9,0.20316401961948993,0.25092437578129906,0.9955060195241496,0.995019452222481
var2,Elastic Net,13,4,0.005472727672273003,0.75,0.20425546553311338,0.3365987099155736,0.9956210183010045,0.9924725250527398
var2,Elastic Net,13,5,0.0040180250555073675,0.9,0.20191367893926077,0.23770801787503884,0.9952209527045515,0.9961806375881521
var2,Polynomial Regression,14,1,,,0.03293775491155119,36.491656811028754,0.9993158654748704,0.038766955461283725
var2,Polynomial Regression,14,2,,,0.035396353179932165,40.46655244587954,0.999277708761651,-0.14876541704154111
var2,Polynomial Regression,14,3,,,0.026267873766058505,15.981339356051835,0.9994189556198589,0.6827895896374174
var2,Polynomial Regression,14,4,,,0.03335059155373506,45.10852098510628,0.9992850050318932,-0.00877766794922663
var2,Polynomial Regression,14,5,,,0.03154005563653392,30.61625287238521,0.9992534858540544,0.5080747950458755
var2,Ridge,14,1,3.1622776601683795,,0.15769622143333872,0.24928547036309887,0.9967245663872739,0.9934335283027224
var2,Ridge,14,2,3.1622776601683795,,0.15893647399328845,0.3244793831682301,0.9967567725964347,0.9907886718438603
var2,Ridge,14,3,3.1622776601683795,,0.15976124057310723,0.23519470209715052,0.9964660873648893,0.9953316673712276
var2,Ridge,14,4,3.1622776601683795,,0.15844713147343636,0.2654535870804908,0.9966030916863371,0.9940635683752028
var2,Ridge,14,5,3.1622776601683795,,0.16465121737102278,0.21705325249202326,0.9961029091282815,0.9965125070607709
var2,Lasso,14,1,0.004198997663543079,,0.20048660688977862,0.2646222458871191,0.9958357875341625,0.9930295396456246
var2,Lasso,14,2,0.00425613789519595,,0.20316581245412726,0.2632023959808677,0.9958542371435354,0.9925282043586572
var2,Lasso,14,3,0.004102345341334472,,0.20024910963627002,0.24881065385185339,0.9955704972233897,0.9950614070665459
var2,Lasso,14,4,0.004104545754204752,,0.20003236522063617,0.3288118967844683,0.9957115562894646,0.9926466642845214
var2,Lasso,14,5,0.0036162225499566307,,0.19940777722818923,0.23864955893124568,0.9952802643017541,0.9961655094214565
var2,Elastic Net,14,1,0.004665552959492311,0.9,0.20207228694125942,0.2643268160951351,0.995802852123964,0.9930373216128799
var2,Elastic Net,14,2,0.0085122757903919,0.5,0.21923332116157,0.27646116168881935,0.9955263666224541,0.9921518142142701
var2,Elastic Net,14,3,0.004558161490371636,0.9,0.20188656684620704,0.25143190858584724,0.9955342767314677,0.9950093783052945
var2,Elastic Net,14,4,0.008209091508409504,0.5,0.21222420094422043,0.34903386484331883,0.9954501785810572,0.9921944333238458
var2,Elastic Net,14,5,0.007232445099913261,0.5,0.21093285520979282,0.2512928902148178,0.9950074799463446,0.9959623632899264
var2,Polynomial Regression,15,1,,,0.0264631674010138,36.112099164734076,0.9994503460690647,0.048764949079801
var2,Polynomial Regression,15,2,,,0.02635564879185357,407.4149970775576,0.9994621916527222,-10.565706262047401
var2,Polynomial Regression,15,3,,,0.020138541666491986,29.919372378399313,0.9995545362154636,0.4061363582552924
var2,Polynomial Regression,15,4,,,0.028154447191589674,99.67474477280804,0.9993964038676981,-1.229061259147616
var2,Polynomial Regression,15,5,,,0.023216285210754303,115.40839454402821,0.9994504992151612,-0.8543189585001165
var2,Ridge,15,1,3.1622776601683795,,0.1565795275601856,0.25402932423896324,0.9967477607074294,0.9933085696271666
var2,Ridge,15,2,3.1622776601683795,,0.1575863544902025,0.3496793564166863,0.9967843228777545,0.9900732944265003
var2,Ridge,15,3,3.1622776601683795,,0.15818345226493102,0.24343806746034144,0.9965009879829478,0.9951680464599029
var2,Ridge,15,4,3.1622776601683795,,0.15728045596542295,0.2653452009344204,0.9966281037499553,0.994065992252583
var2,Ridge,15,5,3.1622776601683795,,0.16292443872788673,0.22985950953385806,0.9961437798451526,0.9963067431272725
var2,Lasso,15,1,0.004198997663543079,,0.19726911582672024,0.26647984430381166,0.9959026165189079,0.9929806083243954
var2,Lasso,15,2,0.00425613789519595,,0.20117412040682603,0.26532014853409686,0.9958948792319432,0.9924680855507044
var2,Lasso,15,3,0.004102345341334472,,0.19830922205152507,0.2502197035130026,0.9956134074638325,0.9950334391214772
var2,Lasso,15,4,0.004104545754204752,,0.1991583296141758,0.3259052694705888,0.9957302945196264,0.9927116662100836
var2,Lasso,15,5,0.0036162225499566307,,0.19697273971037,0.23835349063111355,0.9953378986310625,0.9961702664849623
var2,Elastic Net,15,1,0.005598663551390774,0.75,0.20221205166760542,0.26754970012740875,0.9957999491369527,0.9929524270670779
var2,Elastic Net,15,2,0.0047290421057732766,0.9,0.20281208904453457,0.26628984765282004,0.9958614551560309,0.9924405577099275
var2,Elastic Net,15,3,0.004143783173065123,0.99,0.1984478741338241,0.2504310021472408,0.9956103404849848,0.9950292450971228
var2,Elastic Net,15,4,0.008209091508409504,0.5,0.2116781708061685,0.3471050716354415,0.9954618847842445,0.9922375676025077
var2,Elastic Net,15,5,0.0040180250555073675,0.9,0.19820565309239016,0.24095812813008577,0.9953087170947009,0.9961284165942897
var2,Polynomial Regression,16,1,,,0.021137406189052025,53.56057999427251,0.9995609649356961,-0.4108485027622566
var2,Polynomial Regression,16,2,,,0.02258905108934492,310.49560567969036,0.9995390521277288,-7.814356360731059
var2,Polynomial Regression,16,3,,,0.017641873911071037,45.15592862095882,0.9996097624123491,0.10370899903745368
var2,Polynomial Regression,16,4,,,0.02417219594458289,189.40588548518838,0.9994817783534478,-3.2357502148805253
var2,Polynomial Regression,16,5,,,0.019586316569414716,168.07781032514762,0.9995364160877034,-1.7005823226334376
var2,Ridge,16,1,3.1622776601683795,,0.15436218691672374,0.2583054200034987,0.996793816040959,0.993195932248936
var2,Ridge,16,2,3.1622776601683795,,0.15479569342946412,0.36686030057273056,0.9968412685756101,0.989585561390557
var2,Ridge,16,3,3.1622776601683795,,0.15573861572016232,0.2469444186550542,0.9965550676754023,0.9950984495959247
var2,Ridge,16,4,3.1622776601683795,,0.15515305466571605,0.2708605632283764,0.9966737125728747,0.9939426502721481
var2,Ridge,16,5,3.1622776601683795,,0.16079860521210826,0.23701591595144408,0.9961940956977858,0.9961917579033008
var2,Lasso,16,1,0.004198997663543079,,0.19746393225273556,0.2677595013342597,0.9958985700790866,0.9929469006571959
var2,Lasso,16,2,0.00425613789519595,,0.2003727774417403,0.2675986528735644,0.9959112312837959,0.9924034033173648
var2,Lasso,16,3,0.005205716259681044,,0.2097762137161384,0.261328680444071,0.9953597580393231,0.9948129392589499
var2,Lasso,16,4,0.004104545754204752,,0.1996182055494092,0.3267590139953008,0.9957204353547863,0.9926925736219904
var2,Lasso,16,5,0.0036162225499566307,,0.19685279361774569,0.24383978884309332,0.9953407376068693,0.9960821156461377
var2,Elastic Net,16,1,0.0042414117813566465,0.99,0.19763310047442964,0.2677602177405395,0.9958950563659835,0.9929468817862142
var2,Elastic Net,16,2,0.0047290421057732766,0.9,0.20198899721403787,0.2683438715563768,0.995878251011087,0.9923822480323403
var2,Elastic Net,16,3,0.004143783173065123,0.99,0.19776727974414088,0.25024522425514845,0.9956253952072971,0.9950329325653677
var2,Elastic Net,16,4,0.0041460058123280324,0.99,0.19971882369560162,0.32686645482669774,0.9957182782275847,0.9926901708850135
var2,Elastic Net,16,5,0.0040180250555073675,0.9,0.19784225316802093,0.24484506363361508,0.9953173183218929,0.9960659634406597
var2,Polynomial Regression,17,1,,,0.0197007743609076,129.30190659289022,0.9995908045357591,-2.4059638887478805
var2,Polynomial Regression,17,2,,,0.020533272482328533,1447.0067454816733,0.9995810019542627,-40.07766061016241
var2,Polynomial Regression,17,3,,,0.016881441832656233,33.54262525551673,0.9996265831413346,0.33421913615071364
var2,Polynomial Regression,17,4,,,0.02114135784748773,722.9140002387753,0.9995467557312876,-15.166779210728322
var2,Polynomial Regression,17,5,,,0.018065561637685502,384.7374310784786,0.9995724104778889,-5.181750602390395
var2,Ridge,17,1,3.1622776601683795,,0.1533443240483048,0.2624947650763341,0.99681495758907,0.993085579985682
var2,Ridge,17,2,3.1622776601683795,,0.15358625945408633,0.38338183136725285,0.9968659480548586,0.9891165477962135
var2,Ridge,17,3,3.1622776601683795,,0.15405925431509274,0.2553962549908107,0.9965922150865454,0.994930690785937
var2,Ridge,17,4,3.1622776601683795,,0.1540896385852992,0.27541929226165385,0.9966965108835216,0.9938407018166773
var2,Ridge,17,5,10.0,,0.18640727777177354,0.2527704005006479,0.9955879700604381,0.9959386234628088
var2,Lasso,17,1,0.004198997663543079,,0.19561235493278673,0.2715440269487257,0.9959370283156581,0.9928472118133223
var2,Lasso,17,2,0.00425613789519595,,0.19901242123776441,0.26793130997834075,0.9959389904532835,0.9923939598398605
var2,Lasso,17,3,0.004102345341334472,,0.1965769884692957,0.25178622904967946,0.9956517244055465,0.995002345469233
var2,Lasso,17,4,0.004104545754204752,,0.19866550401424937,0.32483355057117175,0.9957408600840643,0.9927356334355311
var2,Lasso,17,5,0.0036162225499566307,,0.19519293810059501,0.2467802313610264,0.9953800243360386,0.9960348702240961
var2,Elastic Net,17,1,0.0042414117813566465,0.99,0.19578034427020996,0.2715331345796686,0.9959335390886026,0.9928474987310998
var2,Elastic Net,17,2,0.0085122757903919,0.5,0.21506651768969845,0.2837728631455024,0.9956113936201325,0.9919442494659658
var2,Elastic Net,17,3,0.004143783173065123,0.99,0.19670983753291757,0.2520091281099728,0.9956487857892539,0.9949979211903407
var2,Elastic Net,17,4,0.005472727672273003,0.75,0.20242720472461667,0.3319824006962738,0.9956602139259563,0.9925757611940957
var2,Elastic Net,17,5,0.0040180250555073675,0.9,0.19594927924287234,0.24947710224920924,0.9953621226757379,0.9959915383777747
var2,Polynomial Regression,18,1,,,0.01611458924801311,256.21910349724806,0.9996652914901926,-5.749111727073074
var2,Polynomial Regression,18,2,,,0.019514100982597694,857.039584657089,0.999601798973687,-23.329659345367812
var2,Polynomial Regression,18,3,,,0.014530855615328336,127.35171492213354,0.9996785780200894,-1.5277787331091814
var2,Polynomial Regression,18,4,,,0.018746901926324624,828.5132948312134,0.9995980898712601,-17.5283332543915
var2,Polynomial Regression,18,5,,,0.015919359785103376,355.0543636106845,0.9996232084238872,-4.704819310091981
var2,Ridge,18,1,10.0,,0.17807181156980945,0.26841872358776825,0.9963013546437994,0.9929295359697813
var2,Ridge,18,2,3.1622776601683795,,0.15101036498549195,0.40336172041748525,0.9969185112665578,0.9885493582485511
var2,Ridge,18,3,3.1622776601683795,,0.1516450829155891,0.25993131898932426,0.9966456164671395,0.994840675207146
var2,Ridge,18,4,3.1622776601683795,,0.15203151092719283,0.281902622712108,0.9967406345662124,0.9936957128250296
var2,Ridge,18,5,10.0,,0.18454944249441538,0.25897235042229944,0.9956319427259073,0.9958389739237539
var2,Lasso,18,1,0.004198997663543079,,0.195576949212606,0.2724732009796651,0.9959377637111223,0.9928227362794408
var2,Lasso,18,2,0.00425613789519595,,0.19857120263519407,0.268813336316064,0.9959479938760151,0.992368920855997
var2,Lasso,18,3,0.004102345341334472,,0.19599147656262766,0.25254566636990505,0.9956646759069092,0.9949872715496682
var2,Lasso,18,4,0.004104545754204752,,0.19844659465935074,0.32491685026312284,0.9957455532268222,0.9927337705753185
var2,Lasso,18,5,0.0036162225499566307,,0.19489248414805985,0.2522493927739125,0.9953871357098535,0.9959469947299859
var2,Elastic Net,18,1,0.004665552959492311,0.9,0.19735754911822653,0.2728582398951593,0.9959007797128459,0.9928125939027621
var2,Elastic Net,18,2,0.004299129187066615,0.99,0.19876454946696587,0.2691270087333979,0.9959440484774074,0.9923600163162344
var2,Elastic Net,18,3,0.004143783173065123,0.99,0.1961228686131241,0.2527269629053197,0.995661769519692,0.9949836730309761
var2,Elastic Net,18,4,0.008209091508409504,0.5,0.21012020151206542,0.34516993781453276,0.9954952856972074,0.9922808436785217
var2,Elastic Net,18,5,0.0036527500504612434,0.99,0.1950033415908814,0.2522657012161762,0.9953845118511576,0.9959467326948559
var2,Polynomial Regression,19,1,,,0.01607263870796756,264.82721611254607,0.999666162825014,-5.9758595105399595
var2,Polynomial Regression,19,2,,,0.017860364662244717,2689.788730975533,0.999635544801927,-75.35778405944671
var2,Polynomial Regression,19,3,,,0.014041291141079746,180.9129849746518,0.9996894071678541,-2.5909056760000198
var2,Polynomial Regression,19,4,,,0.018559880942169104,1367.5949847077502,0.9996020993672352,-29.584006064575963
var2,Polynomial Regression,19,5,,,0.015656112692054268,911.5027066815383,0.9996294391573108,-13.64552692550394
var2,Ridge,19,1,10.0,,0.1775753163983077,0.274265682390866,0.9963116671101256,0.9927755202165175
var2,Ridge,19,2,3.1622776601683795,,0.14972642915823384,0.41543548400557545,0.9969447110163997,0.9882066079714652
var2,Ridge,19,3,10.0,,0.17704620623645975,0.27848422216554797,0.9960837445742597,0.9944724223405477
var2,Ridge,19,4,3.1622776601683795,,0.15089484542247994,0.28845902186786904,0.9967650032528962,0.9935490897723102
var2,Ridge,19,5,10.0,,0.18351087480911388,0.26873361988748934,0.9956565243397615,0.9956821351851175
var2,Lasso,19,1,0.004198997663543079,,0.19450041354529687,0.27516533295744133,0.9959601239241823,0.992751822365318
var2,Lasso,19,2,0.00425613789519595,,0.19755440620717024,0.26969369217939343,0.9959687424301786,0.9923439292935992
var2,Lasso,19,3,0.004102345341334472,,0.195023813769604,0.2531561624465,0.9956860805715108,0.9949751539350761
var2,Lasso,19,4,0.004104545754204752,,0.19756476157743183,0.3222919795878545,0.9957644586251048,0.9927924714783993
var2,Lasso,19,5,0.0036162225499566307,,0.19278730925058205,0.2555757728753837,0.9954369625985174,0.9958935482739486
var2,Elastic Net,19,1,0.0042414117813566465,0.99,0.1946554199408449,0.2753047726174724,0.9959569043596705,0.9927481493611122
var2,Elastic Net,19,2,0.0085122757903919,0.5,0.21374787229335446,0.28640564014530884,0.9956383016468274,0.9918695101322357
var2,Elastic Net,19,3,0.004143783173065123,0.99,0.19515182453703608,0.2533219926791353,0.9956832489781479,0.9949718624039363
var2,Elastic Net,19,4,0.004560606393560836,0.9,0.19859542149605325,0.3243459491823844,0.9957423625655955,0.992746537836321
var2,Elastic Net,19,5,0.0036527500504612434,0.99,0.19290811793694929,0.2557717077392032,0.9954341032061826,0.9958904000997274
var2,Polynomial Regression,20,1,,,0.015396583605856003,400.36504109163883,0.9996802048457128,-9.546084804214043
var2,Polynomial Regression,20,2,,,0.017812238521038345,1825.4879136892114,0.9996365268547941,-50.82199267600346
var2,Polynomial Regression,20,3,,,0.01366818712925625,329.57726806712094,0.9996976602145685,-5.541713314545251
var2,Polynomial Regression,20,4,,,0.01789410268161234,755.1811336396677,0.9996163728203884,-15.888380426478804
var2,Polynomial Regression,20,5,,,0.014639096982057018,588.1310893973351,0.9996535106625394,-8.449768653845618
var2,Ridge,20,1,10.0,,0.1753667949585153,0.2792235937562941,0.9963575392641479,0.9926449230156005
var2,Ridge,20,2,3.1622776601683795,,0.14739940769447693,0.44099533369095956,0.996992195772984,0.9874810143735767
var2,Ridge,20,3,10.0,,0.17489657683015927,0.28280023600102133,0.9961312942959099,0.994386754644657
var2,Ridge,20,4,10.0,,0.17594480568907442,0.3087063343572898,0.9962279634371847,0.993096292025249
var2,Ridge,20,5,10.0,,0.18187503126111815,0.2736697048227483,0.9956952427352902,0.9956028248722726
var2,Lasso,20,1,0.004198997663543079,,0.19476256136863937,0.2750442008692799,0.9959546789757601,0.9927550131266062
var2,Lasso,20,2,0.00425613789519595,,0.1974193116346188,0.27209591106036596,0.9959714991442843,0.9922757350490236
var2,Lasso,20,3,0.004102345341334472,,0.1945366486739901,0.2531136359892176,0.9956968566451103,0.9949759980342261
var2,Lasso,20,4,0.004104545754204752,,0.19705829356992474,0.32313315376275525,0.9957753166656973,0.9927736600054455
var2,Lasso,20,5,0.0036162225499566307,,0.19239973860123505,0.25882288025573963,0.9954461359169042,0.9958413755286343
var2,Elastic Net,20,1,0.004665552959492311,0.9,0.19655601837327516,0.27607418253425176,0.9959174279287625,0.9927278822013986
var2,Elastic Net,20,2,0.0085122757903919,0.5,0.21357236657438544,0.2866980804322371,0.9956418829830868,0.9918612083306769
var2,Elastic Net,20,3,0.004143783173065123,0.99,0.19466865057253266,0.2532688992756088,0.9956939367680773,0.9949729162442901
var2,Elastic Net,20,4,0.004560606393560836,0.9,0.19810595343482715,0.32504934108493755,0.9957528561486031,0.9927308076366246
var2,Elastic Net,20,5,0.0040180250555073675,0.9,0.1938568761269327,0.2608892658625897,0.9954116472721137,0.9958081739749562
