problem,model,degree,mean_train_mse,std_train_mse,mean_validation_mse,std_validation_mse,mean_train_r2,std_train_r2,mean_validation_r2,std_validation_r2
var1,Linear Regression,1,9.301567661186347,0.3090421309825468,9.423619287097905,1.249126764576408,0.12822342760436753,0.007767769515524585,0.11912544044950321,0.030243707909296823
var1,Polynomial Regression,1,9.301567661186347,0.3090421309825475,9.423619287097903,1.249126764576407,0.1282234276043676,0.007767769515524625,0.11912544044950327,0.03024370790929679
var1,Ridge,1,9.31482544535648,0.3055521870402934,9.426201143371864,1.2232279246746833,0.12697155176342664,0.007435173106063869,0.11868345682331549,0.0276605023899442
var1,Lasso,1,9.333010977505918,0.30019794406130207,9.45518235860864,1.2205775742405887,0.12525041675095444,0.007321497822917334,0.11594228838921794,0.027380337421740612
var1,Elastic Net,1,9.33507731745852,0.2996535750887875,9.459723337625247,1.220470952274126,0.1250555645318408,0.007247007945983459,0.11550886781484271,0.027056595416763696
var1,Polynomial Regression,2,2.8263086311437475,0.07307767765583871,2.9948176624136984,0.31575583388341527,0.7350157802235339,0.004898320797495215,0.7185413248213457,0.0207711907441215
var1,Ridge,2,2.8281434879368335,0.07308702326451738,2.9926849656425576,0.3162838653437585,0.7348436667492606,0.004900819377027486,0.718759001717223,0.020758437025074183
var1,Lasso,2,2.8549587161680217,0.0762226988765111,2.9872378894353786,0.32109432685231826,0.7323302516232476,0.005192460888082982,0.7193401824909678,0.020160352449062682
var1,Elastic Net,2,2.8551611726203148,0.07624153646007746,2.987379728004777,0.3210795456919073,0.7323112650511122,0.0051945380815834824,0.7193270035502937,0.020156639927562777
var1,Polynomial Regression,3,0.7769131390077384,0.01572078258474245,0.9873135343535298,0.07533540826390599,0.9271191623829631,0.0025110186151243202,0.9064264837479964,0.012056143959316945
var1,Ridge,3,0.7821324284145466,0.017387720696056267,0.9909223552503565,0.06856510456630925,0.9266251431588298,0.002735810784243348,0.9061480547840576,0.011295770661197545
var1,Lasso,3,0.8009199222626936,0.021342785664737192,0.9912079595726897,0.0738674901552662,0.9248719883334229,0.0027714701764838283,0.9062760507596209,0.010439882014951905
var1,Elastic Net,3,0.8012570363626758,0.021218715372036352,0.9914202428216811,0.0738160776867303,0.924840521364727,0.0027591850682847285,0.9062557701235197,0.010439618295331415
var1,Polynomial Regression,4,0.36169161733421495,0.016458999641350967,0.8032507527702339,0.14428445424980008,0.9660667994470943,0.0019011619488540135,0.9237561482664297,0.01579188924389075
var1,Ridge,4,0.39600296512565264,0.03475854260450592,0.7497084145371405,0.059081952913969095,0.9628264687012708,0.003744903199577198,0.9292440995399701,0.006496976415759751
var1,Lasso,4,0.44302645767867793,0.021784004559755158,0.6211897611669721,0.05164222198817929,0.958449719329456,0.0022274381147524853,0.9412891156636425,0.006514503778446341
var1,Elastic Net,4,0.4431276376564055,0.021793608418298745,0.6213696934454036,0.05163936556401475,0.9584402566922059,0.0022278635093388776,0.9412726532742784,0.006511878524391531
var1,Polynomial Regression,5,0.11944060684838517,0.010843839148715435,1.818409826049131,0.406365376342899,0.9887822421625131,0.0011943231193510635,0.8244289175304195,0.05289410341120196
var1,Ridge,5,0.20856285015822715,0.026140046515520987,0.5401969890984638,0.06021937669991255,0.9804029138462991,0.002719582315922718,0.9486517728967712,0.008690823732742376
var1,Lasso,5,0.24131479209761628,0.013066895056204984,0.3456655373878406,0.04266014866916803,0.9773577558158457,0.0014668696672240531,0.9672643050850048,0.00526165252776502
var1,Elastic Net,5,0.24138206859415118,0.013070910267927813,0.34587608381453194,0.04269320182618595,0.9773514170663091,0.001467769381426195,0.9672454958377008,0.00525889615930341
var1,Polynomial Regression,6,0.0002565873986063311,0.00020950273367120894,87.6923961749429,92.30099659921781,0.999976077542259,1.9551819074663796e-05,-7.35732935939984,8.900961890087792
var1,Ridge,6,0.1708154129230566,0.007798994636810321,0.6376466425705072,0.07870594016620917,0.9839679519715535,0.000993352598806551,0.9392351509098115,0.011353975458438836
var1,Lasso,6,0.23563194656840664,0.012570394025897874,0.34915632701799143,0.044629018158204616,0.9778874951765918,0.0014531055170871208,0.9669473477727241,0.005381224666271368
var1,Elastic Net,6,0.23570055188502628,0.012583027612526583,0.3493975166115061,0.044728612779332697,0.9778810322274193,0.001454618139331144,0.9669263174284026,0.005378726717664071
var1,Polynomial Regression,7,0.0002565873986063311,0.00020950273367120894,7.32695251178838,2.4830987705347494,0.999976077542259,1.9551819074663796e-05,0.3077409026122514,0.2398493694613519
var1,Ridge,7,0.18425055392350426,0.046685039752432024,0.6550007023059072,0.06474968470195473,0.9827220971434516,0.004389494047563914,0.9378070821894504,0.009985732749735085
var1,Lasso,7,0.23308327849558105,0.015176484790424875,0.37043140483999715,0.04442869487267691,0.9781272566999849,0.0016694580035657818,0.9649589039826877,0.005241020058343327
var1,Elastic Net,7,0.2331681205363208,0.015186739198827513,0.37064254287567855,0.0444783360046401,0.9781192810127821,0.0016706698430104124,0.9649407555655151,0.0052341113278360505
var1,Polynomial Regression,8,0.0002565873986063311,0.00020950273367120894,4.640480835041998,1.2293553451369563,0.999976077542259,1.9551819074663796e-05,0.56634882648792,0.09786340489056568
var1,Ridge,8,0.1859036407015473,0.007829542491861373,0.7629930056712275,0.06943796838993638,0.9825576282394092,0.000934581062857,0.9276244282094268,0.010187302316312328
var1,Lasso,8,0.2358576964685734,0.020747662090035847,0.3816308749496806,0.04458755179923611,0.9778463303287479,0.0023459715643895313,0.9640142100588639,0.004461450669479818
var1,Elastic Net,8,0.23594973448016726,0.020780257467996676,0.3820109600609485,0.044757360382951764,0.9778376601464345,0.002349129402035044,0.9639808279921945,0.004457183190218604
var1,Polynomial Regression,9,0.0002565873986063311,0.00020950273367120894,4.212099060157692,1.1797987631962847,0.999976077542259,1.9551819074663796e-05,0.6048177052813669,0.10577764579993085
var1,Ridge,9,0.16033034145860037,0.007259432712208894,0.7950780837621452,0.07503464808631959,0.9849578791549198,0.0008289021313791551,0.9245931030023931,0.01093260410082173
var1,Lasso,9,0.23280490696121608,0.023891766628209687,0.38734191385309924,0.044668248786481235,0.9781441849090653,0.0025003967605536585,0.963460701114818,0.004608786520231934
var1,Elastic Net,9,0.23286354648207852,0.02389345356312777,0.3876589838815597,0.04474981184725579,0.9781387000210637,0.0025004742663466482,0.9634323563522381,0.004605366965553937
var1,Polynomial Regression,10,0.0002565873986063311,0.00020950273367120894,3.8581149790412868,0.9273640899612425,0.999976077542259,1.9551819074663796e-05,0.6403042507085048,0.06670647754478123
var1,Ridge,10,0.2156587690323862,0.06916029309302878,0.9704405786500668,0.06286405623373445,0.9797866548697677,0.006465910987390113,0.9083539899545168,0.008579490736806498
var1,Lasso,10,0.23713704093820093,0.01832455745705324,0.3945047003843089,0.05130031013881723,0.9777362165835163,0.0020562897007858996,0.9628196920798444,0.004930700244928643
var1,Elastic Net,10,0.23381013301381892,0.021606276965504205,0.3924219220425505,0.04795108602098052,0.9780589108944879,0.0022326469096630277,0.9629917616422503,0.004860259138504397
