x1,x2,x3,y
0.17452853479677266,-0.7654654511860415,0.7611526040184882,-0.8328557513841914
0.3246522990606926,1.0,0.9051512742863721,8.889069145789929
-0.30230319373513237,-0.9806415800677479,0.6501104054511142,0.9091633660489036
-0.040172245216725244,0.4202772946711617,0.6592792434623147,0.9721620889086973
-0.05580667741154377,1.0,-0.742326953128291,9.009595016746301
0.9010119330135951,-0.5259635349657299,0.9693723388801785,1.6491071876386476
0.5963316312426643,0.7228690609769877,0.7392428932838506,3.964057487729007
-0.5827113701381206,0.1364179196159121,0.07192810077498013,-2.176845818148755
0.09019818454441197,-0.2543467199647049,-1.0,-4.398523647717698
-0.892138324891431,-0.9341261567339054,0.11492842934654846,5.970216536145437
0.7219990463779018,-0.22538882052130393,-0.06947633838906486,1.0373133858448975
-1.0,-0.14335700035312016,0.16605931924494532,-3.613588393083763
0.2644233804370504,-0.7169080272785409,-0.44469581894988286,1.8417184850033572
-1.0,1.0,-1.0,21.931835624840172
1.0,1.0,-0.6248261733895926,22.693765573556327
-0.8988181029311251,0.4239821992455637,-0.8887229123109286,5.4144592997610275
1.0,-0.45523413970752413,-0.9066755565449933,6.121945233303548
0.19911928548383506,-1.0,0.05965687790653762,1.6340305289677115
-0.24748606197726453,0.4014724376411265,1.0,3.461316835697894
0.6953109209995403,-0.32180818787362764,1.0,-1.8639272749558127
0.09208301736348412,0.8641940588916015,-0.3062608108689431,4.145252229704197
1.0,0.7402808356656334,0.5068221324368958,10.643644878980197
1.0,0.21367588375427982,0.14919964561842702,5.914466269201536
-1.0,1.0,0.9952067117402077,16.525693679806757
-0.9467932905675838,0.860646453579804,0.5810781620608345,-1.9366744001287053
-1.0,0.031197673220786815,0.2731495621664779,-4.6903594153080865
0.4679020970549168,-0.06680336453809299,-1.0,-2.930509574906181
0.5633551025889842,0.689786652431289,1.0,6.4306687275636785
0.9469431721603525,0.0971030359833891,0.3300677277764734,5.046283027452743
1.0,0.7978415181634118,-0.5132045046328562,9.350164865449464
0.10733273328826343,0.674135510490691,-1.0,-4.053492472860348
0.3925375419350545,-0.8601807960511396,-1.0,-12.752723967407562
-0.6780853937021027,-0.7202723920485692,0.8413913368412431,2.336700047404925
0.440859882791508,0.10763609525233409,-1.0,-2.1047375345008903
0.4494832795031516,-0.2963008384452106,1.0,-2.333128218613224
0.35106548488246414,-0.3700766344976214,-0.7269018159805491,-0.4670231944357168
-0.6508477314827823,-1.0,0.4345158062424812,4.958915465979432
-0.4583098816525988,-0.788946818022521,-0.2217472851902229,1.045438174316138
1.0,-0.11051268148493709,-0.028214608005120434,4.430809101569022
-1.0,-0.19415216188311812,-0.5923042298507226,-1.3536709958075517
-0.18687269293068898,-1.0,-0.29063461909467714,2.1981722104632224
1.0,0.4580867473249477,0.3684676826113824,8.041394282110288
-0.03405347429884653,-0.7643944566463783,0.7865620862243401,0.9937585448193682
0.94268119664075,0.9595538676330417,-0.23990752106636015,11.221486178526602
-1.0,0.21121711836069967,0.5187297948524965,-4.309906546691787
-0.8705879009086701,-0.863745611946342,-0.07739502021972622,5.14073911035003
0.2980880308577232,0.43307914310578743,0.24837911751208486,0.9502527816253
-0.36401101902651023,1.0,1.0,15.214085175757017
-0.8645268479131618,-0.4140374835013405,0.07188192372146429,-0.33757255140640435
0.205838788249197,0.1644530658863419,0.04773061437763415,0.991307679742131
-1.0,-0.8945387277445089,-0.34375274082851526,3.535344581340384
0.644357664692377,0.9411792356070339,-1.0,5.420030542527638
-0.16451655418764344,0.6910826854591487,1.0,5.917391327517959
1.0,-0.28499662472214804,-1.0,4.814119925116456
-0.5153253457544038,0.4533023087418595,-0.0463574322932514,-1.158321672765048
-1.0,-0.5449626433285493,0.05870471686864742,-0.8684905076592858
0.39576326307180554,0.045806932637080244,1.0,-0.26721832211916996
-1.0,-0.48057841366433984,0.0002672093091504735,-1.4553129726017313
0.0007400522722729175,0.06946607983478903,-1.0,-1.9735747896564462
-0.4669761942602044,-0.11091207865453434,-0.6680351955502661,0.1473941028040674
-0.5857668530704754,0.9159342396236614,1.0,11.930278877423989
0.7267823849760979,-0.11966806903718363,-0.08696846457124341,1.684362146935796
0.5883568006996964,-0.20345172692404212,-1.0,-2.562321327642395
-0.1564504816295973,0.5443256711693985,0.8460244992496175,1.7078903916117176
0.8461442184942249,0.12306513476661607,0.48976322015291074,3.700386518571063
-1.0,0.9976433424526348,1.0,16.970096462488534
0.9645697519269048,0.7486966458220636,0.1355760769186911,7.789531380390349
1.0,-0.702008036693593,-1.0,-2.6440238640553737
0.6010014941621553,0.3542432528252699,-1.0,-1.9117937909643714
0.9685914325571412,-0.7819486762131962,0.31499930589003444,1.686931115358865
1.0,-0.9015868422513562,1.0,-3.848850682349468
-0.7894429506187246,1.0,-0.42157766731374524,4.881903827732862
-0.5886186451987778,0.9888508349327094,0.09110361604565353,4.7424517278031395
-1.0,-1.0,0.8300274119536546,18.056910939482083
0.7321250878845602,0.17642762225067465,1.0,3.7715740325153675
-0.14635909961678895,-0.06627245432289985,-0.5901342702819983,1.0326326679510713
-0.1709689378959558,0.5284912932596344,0.047967922528288964,-0.22471102097121012
0.14191921424877085,-0.052078115498820576,-0.15653762615799804,1.4653751598754037
-1.0,-0.5248132788105191,1.0,9.116462275898547
1.0,0.7126628618146726,-1.0,16.218414855519192
0.31412626423203727,-1.0,0.7978962061727475,-2.6097121024151635
-0.28878762539918057,0.8406289281208976,0.15365012769918174,1.6429602566108206
1.0,-0.12910657148750038,1.0,10.266523111934319
0.4488735690398713,0.4724526120185015,-0.6085851648263656,0.709150893656993
-0.2616379479576305,0.14268011783376822,-0.19487433647470276,-0.7047586403196453
1.0,0.16684662418454344,0.5651901124184417,7.713150638288098
-0.17573010503586128,-1.0,-1.0,-15.912879381618255
0.46012692827237434,-1.0,-0.14327144418232596,0.13079339137556834
0.714499779441089,0.5894272867681911,-0.8558837030729687,1.4281189878320055
1.0,-1.0,-1.0,-29.158569540024946
1.0,-0.49374555097529527,-0.916290754710791,4.9190956984667595
-0.29626452846563,0.008445044767678711,0.5534911147805424,-0.46108227789519207
0.07425334465884248,-0.21379908898524103,-0.252213350847303,1.0291699437532293
-0.6411108124498193,0.7675218306710232,-0.3002479152865929,-1.2194374188296428
0.48846798467777375,0.6696345671820463,0.16696091074368025,1.6792959533734075
-1.0,-0.10793011835901756,-0.1394722302479996,-4.12504574126165
1.0,-0.5307204813224995,-0.38804084612202927,3.700212627023742
0.20118813655447032,0.13000179031105286,0.8484535864621852,-0.30288136234337976
-0.5445888554257718,0.8543955969556807,-0.74893207581717,-0.8221418133636811
0.4893289411029633,0.6575643726264877,-0.3393015409333313,1.6042366893370972
-1.0,-0.76194313845526,-0.09401167952253542,1.929741852108056
-0.129004787715977,-0.9424247658216021,-1.0,-13.874368416978621
0.38375723075210444,-0.3389132443283811,0.4933796331839786,0.28646860248332606
-0.5702591746490346,-0.37624099053726345,0.03300656089331211,0.4456058681369692
1.0,-0.27054219996744333,0.44917255369865283,5.887415411204926
-0.5791492175751292,0.8343351359277811,0.24500946308157867,-0.25379646933270805
0.9600178950065572,-0.20845369733910823,0.42933498439624285,4.679910424905387
-1.0,-0.35861754953897473,0.8545578223297245,1.9412823741215255
-1.0,-0.2814116746421731,-0.6245757464445145,-0.7159732675761615
1.0,-0.4129112147747722,-0.4691081739686185,4.416026368103974
0.08563914190103583,0.9618914566761871,-1.0,1.5307491455509223
0.2507520529014433,0.14762867438213467,-0.25913753591146604,0.8786043392841485
-1.0,1.0,0.5957261986128382,1.4614453364542306
0.31455810720535604,-0.7882040441862055,-0.22636389038495186,1.689261660815583
-0.7390406940405612,0.9374976450547137,-0.5673883733591696,1.7007861997963838
0.4035339112979375,0.254330192477614,-0.6207141366993139,0.08842012869801241
-0.42974319142779693,-0.40953444845088227,-0.2254004289191618,1.4548300657721533
0.26566999391895085,-0.4190336693965091,-0.3851693912067873,1.74955018312356
0.8166739398217318,0.5741412532196368,-0.2003116302064587,1.8244585918040541
-1.0,0.9708288187978762,0.11940999828796617,4.886829150645208
1.0,-1.0,0.7952659922878691,-7.303040186513597
0.44550147190390676,0.0489433887622186,1.0,0.035283321067386464
0.22053995758511102,-0.7898886703993946,0.9219434588118314,-2.3902961196689296
-0.3547320963940215,-0.08687412937120675,-0.1886066023156352,0.39683542012305917
0.2795267663920977,0.25238595488921356,-0.4736459338065977,1.2660675658709035
-0.06278662485424724,-0.39063299618476477,-0.2459337818673133,1.6496519350298753
-0.5535147615079339,-0.2199495287179425,-0.38466663005302126,0.4527839362702818
-0.2894523539648066,0.2273750201092677,0.30419049548657306,-0.38713271257662973
-0.48961264685301753,0.5731779617629473,0.00468703688713723,-1.5757337163646523
-0.7753936091258236,0.7862273486395641,0.6102678703072133,-1.9210611722773177
-0.3185673957762811,0.4510458522957004,0.16123003180279483,-0.23646277542048277
-0.07179576163280821,0.31269640915229413,-0.1579204437944286,0.31155164916281053
-1.0,-0.798455106717892,-0.18930553913395687,3.1619540225989136
0.9088779149754207,0.03619622630384067,-0.7106908112099819,3.9293254584745503
0.7627155396337286,1.0,0.3030810782558455,7.146283389692388
-0.42951132277437165,0.30233167088972235,-1.0,-1.7405319621648507
-1.0,-0.9047952473257828,-0.41877964845441884,4.13668220957343
1.0,-1.0,0.14575348981974368,-7.460305032990776
-0.7182875456372004,0.27692986546335785,-1.0,2.40688888690854
0.528799747002549,-0.7160074617061645,-0.9950132239661877,-8.824128793167779
0.6028063748228225,0.9660648696663028,0.5328584392766713,5.928629258084322
0.26010983567155654,-1.0,0.70318073577497,-1.2884800390309366
-0.21099511398100868,-1.0,0.40644030700478684,1.138860337356208
-1.0,-0.42659523598186966,1.0,7.655377786409686
0.29318024494394557,-0.3000440053911473,0.011561093137507639,1.9284104311510522
-0.5374521068961526,0.4062218746309847,0.9351951200319639,2.5576633993445252
-0.4040904996044741,-1.0,0.6658943768817922,1.433689652970982
-0.484818443356106,-1.0,1.0,-3.261754127915801
0.37711380785863,-0.15600273031739387,0.4229001552211247,0.34702016429976534
-0.30256032646246744,-0.960993609168713,0.5805864732155728,0.7933708212376703
0.9493420524771701,-1.0,-0.08353057706986533,-6.702781769407249
-0.12827061438239862,-0.0010814015572382374,-0.43155735921614835,0.2467313670583921
-0.2774826438383351,0.2850549183351909,0.8333567930077099,0.09615744738601559
-0.8896076975440765,-0.4550382837176583,0.39197262485560125,-0.22008906511150494
0.6369222028193273,0.8980172102760673,-1.0,2.629909315683675
0.44513652098625056,0.1937215919759223,0.5928446117324042,0.47632774497958197
1.0,-0.9294982181684013,-1.0,-18.97745763985067
0.4304340993622713,1.0,1.0,9.14186247536977
-0.14814481806081958,-0.4952402351021026,-0.2587895649589813,1.48520705781371
0.5696812779329223,-0.03862680189179768,-0.532093922901657,1.4454261649496702
0.3140586352832111,-0.6583839967423755,-0.9949408651421228,-7.728110538563781
0.24948939691741523,0.6800919951507496,-1.0,-3.505907479737725
-0.00012589837166254725,1.0,0.302978727932967,8.111008240452547
-0.6043312381505823,-0.04060611898842659,-1.0,0.5576872060532326
0.6770118340204545,-1.0,0.0006889229747797376,-2.329659747730146
0.7513094000130636,0.23261151252214218,-0.7038829370394004,1.8624376711689312
0.07977025585440267,-0.9794516295734819,-0.11505320570814037,2.2307271273484983
1.0,0.7257092675222536,0.3825932689594327,9.805421118567985
-0.7520671754077501,-0.4414737098669077,1.0,3.896684966775299
0.08088985538846383,0.14471783249312353,-0.9264401292473707,-1.947366485286984
0.5068967518555825,-0.11151555016194048,0.39396632044514,1.4656325928675225
1.0,-1.0,-0.34564039761735477,-9.552709785694882
0.24270134929172693,0.8233764679197544,0.3135735525228227,2.470432890234406
-0.24499074376680352,-0.09670324928948903,1.0,0.1757192645684037
-0.4971815235761239,0.6118477780413096,1.0,6.215519512191347
-1.0,1.0,0.38634443619832637,2.5738410977443804
0.07545539983844352,1.0,-0.08571143784877,8.175935934474314
-0.5587013060938695,-0.38597373788944034,1.0,1.3772939187377622
0.5982087892764298,0.39864901249566254,1.0,3.5818942050618605
1.0,0.6552987692337411,-0.2973070577945385,6.173287883054103
0.8262727430196106,-0.39406747405816533,0.9725746742631278,0.9503037478693293
0.6072237872809558,-0.17894393729606484,1.0,-0.5722032273998499
1.0,-0.9456031827092852,-0.5731788272152138,-6.013610125660337
-0.4387862427341067,0.312685894794988,-0.44036018609897365,-0.641574936395414
0.9240854999260262,0.05598352297525078,0.9928306266267088,9.665457690209633
-0.8881142343846447,-1.0,-1.0,-0.46315333563345495
0.8820380378441133,1.0,0.5941684077494063,10.90149151030203
0.2598609665068019,0.018095577202979385,0.8184651154040128,-0.011682348810914104
-1.0,0.3121237281310647,-1.0,16.000905503952293
0.2365928922995313,-0.7884683208103573,0.3391580452054006,1.4038606321282474
1.0,-1.0,-1.0,-29.267975183382802
-0.7729642190418786,-1.0,-0.2107505353843815,5.0310452999692465
1.0,-0.4218841106793618,1.0,5.364987582018293
-1.0,0.35856084740873406,-0.32525924245045834,-2.6201036455151967
0.4100339355956002,1.0,0.5523831005513913,6.6078570371436856
1.0,-0.5451294727070921,-1.0,1.0383616424237758
-0.5519614430145663,0.048990980056184075,-1.0,0.18922889385796593
0.7454030746465947,-0.0008513574474235952,-0.6232694752875239,1.9180919029424341
-0.13068523403318455,0.45564638147709546,-0.5117986320766916,0.036810367810988925
-0.17199108419356635,-1.0,-1.0,-16.312823174761203
-0.6364184521759138,0.38358020866295806,1.0,3.7431920749448486
0.9329616781989465,0.922891603541151,1.0,20.40101286047751
-0.9700471182824537,-1.0,0.8406087060674632,15.51780713392304
-1.0,0.9566658841172153,0.4165599218323712,0.626617372546689
-0.821031308134947,0.2785866118106528,-0.4652825282382844,-2.0749343162672
0.08036158370581914,-0.4220315833374071,-0.7850409053162095,-0.043148226109747556
0.23796028936531521,-0.6550681104205764,-0.8060075221533145,-1.738691611880774
1.0,-1.0,0.49448791337709497,-6.950858267350119
0.9498418770081218,0.29895427358611126,-1.0,7.629848559431667
0.8050623539378028,0.13733739384306598,-0.4012820799969974,1.9346768750777352
0.11219837104625952,0.5438006245938483,0.07314930775133921,0.14619998563663145
-1.0,-0.2071786470667445,-1.0,8.542058274238482
0.369234946882558,0.6143545456902721,-0.26733131013488753,1.7023748444028557
0.21539109580469074,-1.0,-0.0907321775127583,2.1377735526039756
0.12758653289052857,0.9955142311476897,-0.26136113266370575,7.993077698744623
0.11740808741413988,0.5203501522870471,0.28764558057240297,0.4612651465862482
0.7272798971850962,-0.5510403607565233,-0.6448879652469026,1.362775970931827
-0.3117189259518882,0.187201855775045,1.0,1.4640772323332185
-0.0324449416315189,0.5092639504600884,0.1379013382399632,-0.1964737995428914
-0.38523640087273003,0.6326220880280526,-0.8196718933395901,-2.767702950011065
1.0,-0.2652423825937982,0.5610225923248298,5.359437608353476
-0.9793956412853548,-0.0374873040367274,-0.12087336040935948,-3.8852181682347475
-1.0,0.05472970879935657,0.32386270565557207,-4.7420479364785075
0.5926390326654329,-1.0,1.0,-6.933832135174084
-0.6686385003586341,0.3667235724396025,0.18326464686904576,-1.8522975498555825
0.633361562534315,1.0,-0.0731531952376665,8.085908734297867
-0.02023041219544508,0.3106467602029963,-0.7098658665262594,0.8269344118399796
-0.8471523849791835,0.5301596369936636,0.13225293505705538,-4.018890406524453
-0.19687392413380467,-0.22788768308217544,0.9294614798330221,0.12066185847739191
0.7407488047636197,0.6498885063672768,0.4243713461732501,3.5337539400285998
-0.4116333976161308,-0.7586970856448527,-0.00702080685910933,1.94794161286813
1.0,-0.8006783278202338,-0.26433701544623633,0.5909384625933735
-1.0,0.8544919168811875,-0.4694302208430179,6.185257293172646
-1.0,-0.6926792365147045,0.7638420320008528,7.660449383277682
-0.7287405496984787,0.6510804734415772,-0.4754519278770606,-1.6937678832041227
-0.10088236651120597,-1.0,1.0,-5.885420583371151
-0.28729811109491177,0.059065189656646755,-0.13430701284365965,-0.7672428093537034
-0.44334736018231014,-0.27894692948238453,-0.30357991810579943,0.7817189607311539
1.0,-0.7249879098952352,-0.680053730327618,3.0929051717222986
-0.48568368816644236,-0.36024845404290784,-0.10111796227333114,1.0832354273422344
0.9946967168522676,-1.0,-0.4517085267835168,-10.028759664948657
-0.6277185890928603,-0.010922602598697928,1.0,2.242626706647281
-0.2008527002941769,-0.2774467732157455,0.10761590768609941,0.17820858023870634
1.0,0.18092393945539698,0.16155543106637937,5.8978854683326984
0.5241227661789658,0.5832135698946914,1.0,3.770362887811579
0.41643056808032486,-0.5381698420639591,-0.5058519419026655,1.2184718738605276
0.46040045797199824,-1.0,0.6038846271051808,-1.0952472716100772
-0.8199406851788389,0.5280053708191739,-0.499179463153522,-1.8932972141841478
-0.9820689209331614,0.9305310343936131,-1.0,17.956874416517753
0.39581298213061933,-0.07547230690180773,-1.0,-3.313604520385769
1.0,-0.19465436872927477,0.1197609776858275,5.565407606007043
0.36144643825884604,-0.6955887707303485,0.05193618287337953,0.6222778819960799
0.27110298295616864,-1.0,0.7551416216693487,-1.9521303458204142
-0.011706382597382214,-0.4106868298298616,1.0,-1.2257422780275646
-0.4151667503179388,0.17016336649161512,0.6695944985233893,-0.14455056960051443
-0.02933259451013126,0.9138472510463092,-1.0,-0.7542771503607623
-0.4618814447820905,-0.058636617865166274,-0.5123220372625037,0.12257217503785967
-1.0,-0.03324190538107352,-0.207651040112258,-3.9647485873310564
0.22873134450996235,-0.29520738327334684,0.2827608881531021,1.0186190946398148
-0.8621004378487014,-0.346478950167008,0.1874557123883187,-0.5918987715070081
0.37365404086028553,-1.0,0.448508321471059,-0.5671115710508365
-0.2913482738096205,-1.0,1.0,-5.719959146595018
-1.0,-0.9366540033946411,0.7687389879737332,14.538789682309856
-1.0,0.2716217685029658,-0.7943625657718918,4.590288696810018
0.20323567448025281,1.0,0.08596173571937404,7.473763125552245
-0.7108080733610485,-0.044823883935677156,0.29771938085170957,-1.8175043998498186
-1.0,0.8105696452412026,1.0,11.157058028452308
1.0,0.5373558045032472,-0.6852278465510453,6.633668486761395
-1.0,-1.0,-1.0,2.9301855648188404
-0.5795511529086659,0.34068833636057594,-0.29047284888554503,-1.3759500458214806
-0.6471868266212937,1.0,1.0,16.79190778466085
-0.5717362331181057,-0.509966384498796,1.0,1.0180542248342292
0.011689919476815636,-0.5405959323453948,-0.02608786631625648,0.9036308889200195
0.9035350824670005,0.5833486730908224,0.07437671469612739,5.218595960532535
0.9552842950983995,-1.0,1.0,-8.344368386084476
-0.01699733773219525,-0.20616242268827523,0.5269388837985838,0.07526212167123741
-0.41133270035329694,0.3005542672748507,-0.1066169822383296,-1.3098827453483088
0.21786621323085242,1.0,-1.0,4.870109048033033
0.8527665088328662,1.0,0.25056677712341857,9.033304682135931
0.07505744730760933,-0.22079885844178482,1.0,-0.9833291574199927
0.16187040334155123,-1.0,0.3618246260179321,1.614360773659937
0.687280618165709,0.7526116601571746,-0.331624977685409,2.330223967032707
0.6866430465460052,-0.23268198305953636,-0.9443553403120315,-1.2308342781240846
0.2778035390027438,-0.9462976478487042,0.8125370413966873,-1.8086317965975012
-0.3593855551448726,0.3551595038470532,-1.0,-2.6187746760625834
-0.5770945526869176,-0.09562454139749299,1.0,1.7260645916224615
-0.09082825608550649,0.3022314955842009,0.9187248102788506,0.3352488478867104
-1.0,-0.1408380894201957,1.0,4.5092132519946375
-1.0,0.1468080634894222,1.0,3.6687233539291655
-0.5635089599265042,-1.0,-0.5275688153007101,1.1046278198136041
-0.006201858260732607,1.0,0.21227926981216028,7.9044067397029165
0.8452694857036132,-0.5229979124673578,0.5455664618214551,2.1416521934902573
0.18442867929157658,-1.0,-1.0,-18.058795857818012
0.8703353906839009,-0.06334754997977576,0.12657456850313165,2.7665598127643074
0.7049778639094986,-0.7299089579294795,-0.12492347122328273,1.1597931473561802
-0.6807130368372805,-0.6149675767949767,-0.11733131159224564,1.3167331334596675
1.0,-1.0,-0.9056205672133151,-21.841461063796338
0.15133122218937323,-1.0,0.043662592875336026,2.5169012959026977
-0.16120958126941232,-0.5911669965370219,1.0,-1.0714122742153565
-0.022546015506337724,0.16732861761432583,-0.37023056936639254,-0.5294356092444561
0.8195656609162107,-1.0,0.1262573252435537,-4.181425042737068
1.0,-0.40045408354556633,-0.5454966228009555,4.391530202565343
-0.26840312915673925,-0.493287262263582,-1.0,-5.7460939832022255
-0.318224667722248,-0.40755521473420897,-0.8229287805503867,-0.9112259703441896
-0.7697707648716399,-1.0,1.0,4.760644691904839
-1.0,0.389524496708596,-0.6886448145938247,2.656872855947273
1.0,-0.2455732089454814,-0.07494444671551648,3.869091099412136
-0.04638981844774559,0.5206863723353541,0.20536839040857902,-0.2208585574404853
-0.31450804303615376,0.5493927379206185,0.1491064344138382,-1.1096970662884684
-0.6474390914908255,0.03466830819830835,0.6531219660967624,-0.6915528374682764
-0.72280000716506,-0.37817234007464573,-0.8602114996936321,1.520948394427955
-0.14365889706592538,1.0,-0.13071748519554527,7.635231092881803
-1.0,-1.0,0.1682900158848184,9.02968994115694
-0.6544949850220281,0.1874411072993909,-0.5904717042687371,-0.5596190470733113
1.0,-0.8009934172995059,-0.2096799496648023,0.5177489814869154
0.24101318647625503,-1.0,-0.045462831430658435,1.2982103311080344
-0.8966590909723373,1.0,0.5032241688189574,1.6715307598663998
1.0,0.18898380356651834,0.34334339149907755,6.722323651079376
-0.3059308811250052,-0.16102549784885167,-1.0,-1.9907753762281033
-0.27503218936853857,-0.807306281378094,-1.0,-8.417312443567035
-0.3708692201240864,0.6419438009213061,-0.29166014256680795,-1.5988065469856547
-0.44514107154452276,-1.0,-1.0,-12.709767664253297
-1.0,0.12663845594162315,-0.7346185404946763,1.1535844432389997
0.8234962839133166,-0.2115144135637992,1.0,1.8418939944461656
-0.14399636368470392,0.15231287615074218,0.10878699572867201,0.6827027121262315
-0.6695686919226094,-0.9331212370548021,0.8257363480650977,3.373129739351393
-0.5517841391250509,1.0,-0.464017748793522,5.351851658019575
-0.38987469908249794,-0.5520949038226204,-0.6616528214964796,0.5143613259579922
-0.24204385181686283,0.4735658277057666,-0.017106266900000833,-0.846388425233352
-1.0,-1.0,-0.297555864614075,7.084915266499807
-0.20483155090773209,1.0,0.761806469513808,9.420799613388438
-0.02158335274940093,0.3786013606284555,1.0,2.2325219634223807
-0.7132022285756066,0.6725049206414913,0.8669640268508376,1.8280528970001604
0.848640410632574,0.022232131224063423,0.5969632588995737,4.037160310683955
-0.39508469345719877,-1.0,1.0,-4.036127671204316
-0.33405044826003816,1.0,0.6501964088906353,8.128136254087826
1.0,0.11798867347844433,0.3819772712770826,6.397543792620405
0.6934376438946339,0.04357174457187907,-0.2456861295552386,0.7910366185926033
-1.0,1.0,1.0,17.887158894637817
0.8764324802027552,0.6439568845517931,-0.4104536682171014,2.1680035787678813
-0.5313767500063196,0.1928488431817117,0.4909686904738093,-1.3597484000863251
1.0,0.10906886872657151,-1.0,8.9806978147114
1.0,0.15906491323130512,0.38790953027088304,6.325783212998932
0.08619736186378035,-1.0,-1.0,-18.586797604902117
-1.0,-0.27534143291310964,-0.18904556058729804,-2.258934189821903
0.7958683772916022,0.13781085327742848,1.0,5.65450291248046
0.10289076294856603,0.06835069180866471,1.0,0.3690842782421714
-0.034703777593001695,0.024627072750041057,1.0,0.04774106379536852
-0.8597543099384819,-0.6236236491151597,-0.903058085964566,2.956745877694334
1.0,-0.585815956838537,-0.693741159649303,4.581855082768947
0.5639525293906498,-0.7790792661281094,-0.23720016523312126,0.8599844355312083
0.10060325079846,-0.17815729807906666,0.40805456994755196,0.27915555536393194
0.049484040444184085,-0.627501856126961,-0.046414285460421256,1.2447905815577083
0.345397100965783,-0.6493621732748758,0.8292908167698243,-1.0409151115825994
-1.0,0.1394700312679913,1.0,2.7871101676778176
-1.0,-0.485711785135581,0.8379990237400077,4.558669771411229
0.30248926409646715,-0.5993389558270779,0.8497254784479342,-1.9130221607136888
0.28750754379258203,-0.346646251246038,-0.9997783371337512,-4.657637679323464
1.0,0.535192943881877,0.6984550955474185,12.85565209553877
1.0,1.0,-1.0,37.911810720265194
0.06129930336548006,0.9905608411646816,-0.42089082030329106,8.971111849455324
-0.14867676042227784,-0.4010344261379877,0.2621870847029082,0.4066650081300689
-1.0,-0.41344960682853715,-0.564500983769382,-0.9280002723009224
1.0,0.4842727207694444,1.0,21.652394911602364
-0.9767756442829689,-0.36301084909742865,-0.9775089559173147,5.779393269952342
0.7874162798263218,0.6412016618366632,-0.47982075804629654,1.448886131680007
-0.28312652741033584,-0.816164221980048,1.0,-1.5929611599567584
1.0,1.0,1.0,26.70627204114158
-0.30648551378206745,-1.0,-1.0,-14.64279948737469
0.8010495635331945,-0.2088122734751865,-0.6952909627292188,1.9931846115878105
0.7142493036954227,0.6767325589769044,-0.13044834597023214,1.551719829130338
-0.26207463961634914,0.46773168041612023,0.7537545297099049,-0.953170564097128
-0.24244562099706113,0.8370367819823346,-0.11702859260311382,1.1583169488813545
-0.3818015981501106,-0.386946770377002,0.17398251918535546,0.16053571168822345
0.8322151816367482,1.0,0.8787991983124093,13.408628620435339
-0.12643283428724317,0.562969792299236,-1.0,-3.438714592633313
0.27277907953383473,-0.8583950693366504,0.2658376064533605,0.7656029221670682
-0.08556748575814321,-0.33056197741937443,0.05750904892970632,1.1643478139895596
1.0,-1.0,-1.0,-28.940264925451785
-0.096456183822764,0.0997031753821418,0.8034971856298216,0.07232154787050565
0.16212896627381945,0.8147854946270106,-1.0,-2.4944802281296927
-0.9121529353523314,-0.8285640440388722,0.023589637460895485,4.096477679870661
-1.0,1.0,-0.5041974814927894,12.88289538970305
0.25292932016489744,0.6005376031574936,0.778744242320381,2.011874957098179
1.0,1.0,-0.7865280065812019,28.646307614846236
-0.2787440437262141,-0.555131366894885,-0.990855614337435,-4.5295905162158085
0.41920059930931397,0.27062490150089635,0.7016284756496369,1.3233509503405045
-0.8227907233077454,0.31595286964426794,-0.3079249641791222,-2.343060946971969
-0.7974048842702428,1.0,-0.9697052706980083,4.344428775238996
1.0,-0.17846965274141957,0.36853409244770097,5.79536882096455
-0.5645389356591204,-0.6444347626963036,-0.7615717560945556,-0.1732158152353177
-1.0,-0.7622962206034893,1.0,15.152081053653198
1.0,0.8147570849982606,1.0,26.46795795946747
1.0,-1.0,-1.0,-29.8489652628892
-0.8387218295394816,-0.794939726703711,1.0,7.24489490635192
0.7631178352086023,0.2771130616940727,1.0,6.479663845334176
0.02319657137169795,0.168310669420213,-0.7384711518281759,0.16164608789749654
-0.5523334000901068,-0.023992782073778862,1.0,1.7993818969850723
-1.0,-0.8714650239961217,-1.0,4.292950732960918
-0.09265660149962462,-0.2154399414734598,0.5129879348312769,0.7497267163379018
-0.0617701154350232,-0.46322640558146855,0.1671329918587201,1.4816208866121574
-0.27908579948832557,-1.0,0.7386078298711996,-0.3419871650088305
-1.0,0.3949225706205175,-1.0,16.94873433018111
0.893122448182972,-1.0,-0.6252832017808512,-11.046126497860538
-0.2560895377732577,-1.0,0.8486211927563221,-2.107188761553073
-0.42575265186711997,-0.8875441930636219,0.3246887000066885,2.416406463477559
0.15063774313009115,-0.6644761910774368,-0.006609804250866214,1.0753056884336931
0.8216474323832113,0.369669647648629,0.7154068898243018,5.342552355119688
-0.18406539329866023,-0.6570497506036037,-1.0,-6.401202403908018
0.7419076413623806,-0.3498049899332263,1.0,-0.3893639262905362
1.0,-0.36142087893266694,-0.021465271024333266,3.281094798050093
-1.0,-1.0,1.0,21.738361185848714
-0.15361082910119528,0.36891668247848797,-0.24756241567350434,0.2574688381004711
0.7618048933383421,-0.29677233475932985,1.0,-0.3147588203066256
-1.0,-0.021348121957535993,-1.0,11.09032157148388
-0.15739256544870805,0.5905028595792174,0.012705579168313275,0.19627649835024974
0.30329172375878355,0.3004786179930623,0.5885842677085813,1.0523889385499818
1.0,-0.015803327178333992,-0.5103250956586842,4.701367219341155
-0.7808266776000461,1.0,0.21667961776899336,3.6845492870165883
-0.5616874394815545,0.14661784115051457,-0.2898443834501554,-1.4079699895244895
0.9367592127480604,-0.10445139869518694,0.4450750551762115,5.397691600036645
-0.09874272736576484,1.0,1.0,13.685964939352719
1.0,-0.7204200212898508,-0.4218594600358585,2.6306108905655514
-0.2623466031255124,-0.697612655139382,-0.9580820107219423,-4.522110110534352
-0.10775154358698513,0.7536479188485996,-0.3406544723120404,1.2949388389943954
1.0,-0.4594630771546582,0.09361599224665285,3.810121154764862
0.3369825419577621,0.8967036231566072,0.3563858057177889,4.139021054873646
-0.35597885243563243,0.7969416931684166,-0.16714786777157054,0.35308932216471545
0.5911953124648681,-0.7552216045089448,0.17948039538777572,0.4552852769401933
-0.11424721469376786,0.7481180639892753,0.32775362370835714,1.0786796231771207
0.9192880662754417,1.0,-1.0,27.45651065802445
0.21011333898435858,1.0,0.44347457753044717,7.522232558461513
0.6233507435869912,0.2321854550272986,-0.28268499489735466,0.9133474050711413
-0.5490692905228038,1.0,-1.0,0.3645308958314791
0.33647506629175195,0.3873381689471411,0.36485127840181075,1.4263363757477605
0.03751574688386983,-0.09573576699249187,0.35246313500781845,1.0809290216303307
-1.0,-0.2929450130363562,0.5171292044772553,-2.464781230295556
-0.4292966050122431,-1.0,0.31410346816407064,3.5375737982872595
1.0,1.0,0.32536271185577137,13.507873806154734
0.3061544862345009,-0.5736777947835461,0.7802414414877503,-0.8147588358102675
-0.45908859783873623,0.34676962724835714,1.0,2.2588722893280906
1.0,1.0,-0.8094574119107092,29.990892035410436
-0.04712350504645846,1.0,1.0,13.64081790059751
-0.528900722189878,0.06437565570369941,0.5346994338935769,-1.21057674653501
-1.0,0.6741649845754569,0.40678399501427154,-2.924746912640561
0.259150523780048,-0.27478058278916584,0.5307797088026482,1.0163268233432485
0.24640554474430965,-0.43988316155035445,-0.944859649945438,-3.0733330683192315
0.9924601184317814,-0.35080605207922155,-1.0,3.0948289465133083
1.0,0.6261578339496783,-0.14548362041765395,6.142078032333896
0.16997140009485157,-1.0,-0.623002542247993,-2.4386932589920436
0.5200067086506237,0.5304165165130634,-1.0,-2.474999712610672
0.2831846677941816,0.5366139749497221,-0.36491028092489697,1.3417096118962246
-0.09252838410974351,-0.65115015865496,0.43258160131832546,1.2241821132159028
-0.40119434306606494,-1.0,0.1843250994428305,2.9285981182104592
0.6209895142779045,1.0,-0.6285489711406469,13.004967050542302
-1.0,1.0,0.5823599259826429,1.2714624100103644
0.9466325088574499,-0.4071336374023742,-0.9415183046922726,2.9554793890128397
0.35477009217946365,1.0,0.4127718532232958,7.699568517423587
-1.0,-0.6056293874393561,-0.45921043760371894,-0.25671186353708375
0.6402056415407553,1.0,-0.8524333909060833,12.170390611274028
-0.35086751611094,1.0,0.9881885350401431,14.4829042285861
1.0,0.2946563991880271,0.8735618510944434,13.95328237498004
-1.0,-0.9071070139915434,0.30784748945718676,7.310495231229259
0.6562213632322373,1.0,0.45558298032186006,6.935110975972043
0.6955994618415648,0.752781156437379,0.8059170708401389,5.723590678462015
0.835862114080943,0.7709435818906649,1.0,14.83776706379691
-0.853132928938799,-1.0,-0.377586901022432,6.264561629091936
-1.0,-0.0709094703014328,1.0,4.67349726771205
0.5380994812478714,0.4202291496305397,-0.3811133925068162,0.6698149870760528
-0.5622260219191901,-0.3893738279780836,1.0,0.681007783865479
-0.1713421991462638,0.1877229448879718,-0.5890539301707503,0.2769489875415695
0.30484880858637187,-0.09843280940154497,-0.08546652894791085,0.4731747175611015
-0.15242464522286836,0.030450545168028587,0.34468038919016597,0.5191774774269761
-0.536830704431867,-0.11318728492607555,1.0,1.2629992179147531
0.6866977520649162,-1.0,0.5639549303621056,-2.0783508663048362
-1.0,0.22358384817139743,0.1890665967869094,-4.922159365746472
-0.07953483794047966,-1.0,0.6593775269710971,0.10429997998224455
-0.8600577438671286,1.0,-0.15570949652848975,4.693396716843637
1.0,-0.7051784611119802,0.6294357689992596,3.635582777157934
-1.0,0.8962173519169725,0.7053970631109803,-0.6293465228306014
-0.5496571658487248,-0.7310162792106003,0.6796638849727688,2.022737433452372
-0.38672245484074796,0.10315241525744279,0.5046440027406185,-0.6719208470074847
1.0,1.0,-0.0718449788816633,14.859907351785523
-0.21598113571658129,-0.366115462522864,0.40764005060295383,-0.34829960381537406
-0.5034973317504416,-0.11718179520072836,0.9029114455406226,0.05526082610595695
-0.13433196055920593,1.0,0.20043017187538448,7.397482091790292
-0.12639234739257676,1.0,-0.9957011038301893,3.8418082258060284
-1.0,-0.30989622011366524,-1.0,7.516885699352698
-0.8998647673988036,0.007849736048027633,0.02181831787590882,-2.7412966566904307
-0.5457820811865624,1.0,0.16115261036317685,5.5248826749878015
-1.0,0.8311418898662986,1.0,12.283335219987816
-0.6252439569172423,1.0,-0.5465387395696297,4.647478328410921
0.3006257478566621,-1.0,-1.0,-19.593081992757085
0.9401858008816049,0.055022238115268296,1.0,9.194542501611032
-0.31859399657993204,0.8119934974998193,-0.3921607761988244,0.06642412601939407
-1.0,0.9604874146268325,-0.820337130591948,14.032668867080204
0.6793694693784422,-0.8963976329218604,0.6924311495815167,-1.1006392893875323
0.45061766469220155,0.2672200271684919,0.08874317614303262,1.5711875378579423
0.545222799089053,0.4885012411057532,0.2992072414095952,1.8409003589890185
1.0,-0.27032034219943935,0.21527934541530014,4.722761618318993
-1.0,0.8899151853393381,-0.3702312221436219,7.484114895918494
-0.25387187751551576,0.29946141577740915,0.1419963835168223,-1.1699490635510612
-0.3814531510879051,0.8521794956234328,1.0,9.824109654878884
-1.0,-0.044701875170564564,0.17613427334130494,-4.74232597268753
-0.6523138532005901,-0.11452072631366761,-0.23419342822066969,-0.9653118066686168
-1.0,-1.0,0.37087243787434065,9.9583590998971
-0.2954060012751425,-0.45593898457695725,-0.10602000284056112,0.8513642356252124
-0.6128158505574792,-0.9702609547301291,0.06868274371885108,4.631095065206539
-0.28165312302420653,0.1752551863982379,1.0,1.4647816489998708
-1.0,0.17864956556532618,0.40136908916872405,-4.8493454420972375
1.0,1.0,-0.3057538142977265,16.96480336922447
1.0,0.25032815074412795,0.2495942876374162,6.408208055338829
-1.0,0.49382468258409906,-1.0,17.614239336313926
0.09427844624889703,0.21974915239919124,-1.0,-3.2765935636407595
0.09815176900103273,-1.0,0.654106804827691,-0.21648209021655868
-0.5966769315650788,-0.6767295590617679,-1.0,-2.1932924109502956
-0.42586149486191816,1.0,-0.4557657555958492,6.1341529114974644
0.08382492954845056,-0.02142148031706803,1.0,-1.141154540403469
-1.0,0.018479283494919896,-0.43102947317406715,-2.5057806182282225
-0.653695938636927,-1.0,-0.2225916271479622,4.326206720512227
0.8313507015398718,-0.45987227550086707,-0.034997983183541415,1.228153418230557
-1.0,-0.037988525897104,-0.8129014848643765,2.682380981175901
0.7724720453229768,0.5821767013245147,-0.13703031179224578,2.61360743145482
0.47758010876267165,0.24000865893157242,1.0,1.4069848924483055
0.9575575218326962,-0.47066357773008116,0.9468778226024195,3.9887337933978877
-1.0,-1.0,-0.6067672196733691,3.8951898843285937
0.18955878538117132,-0.7092886982582327,-1.0,-9.021604518328724
-0.8811111208861315,-0.9751785489194595,-1.0,-0.5843565375304562
1.0,-0.6635727718584461,1.0,2.5601913845770228
-1.0,-1.0,0.2127852310100049,9.215602699388514
-0.3311459428457455,0.39380178604914384,0.16059857480563133,-1.0821410970481504
-0.5235983873034766,-1.0,1.0,-2.4593083303884953
-1.0,-1.0,-0.8103509697743536,2.2780272051300248
-0.07061597806613973,1.0,-1.0,3.5335206648399473
-0.4859804365798004,-0.06879062249640566,1.0,1.803880741443296
-0.005818006660611275,0.6062280541324119,1.0,4.445712385942799
0.22354541726357025,1.0,0.655762467754736,7.854384281290862
0.5739646511090972,0.7985729629113643,0.04400897122200953,2.4930311100758598
1.0,-1.0,-1.0,-30.469007380188778
-0.4411010987247448,0.173141965314898,0.687618127394451,-0.8148956892281936
-0.20836440796203326,-0.1423649311204156,0.07042787467950995,0.48846275838047815
0.2823302576262128,-0.960948206597336,0.7778198325844299,-1.871745347139504
0.6968567199523978,1.0,0.030963985119331516,8.515404655795093
-0.5453214000924351,-0.2966126010839534,-1.0,-0.7406636819477201
-0.42734333528784196,0.29103260217506244,-0.16785783300514678,-0.6178367104765458
0.9025820889020968,1.0,0.602615246372501,11.52877420955287
-0.21740017769649667,-0.3586387780040978,-0.7396161824418335,1.2286218823538517
0.5452211401002034,-0.38912355165471135,0.440882127436925,1.0694779267232417
-0.10913741211746819,-0.4898206613857734,0.20858035060670055,0.5610291466215506
0.022252631039305193,0.573870155152929,0.07243406679423181,0.1753577962497283
0.25331307095697153,-0.4693470935113042,-0.5899248160519976,0.8309043225969618
-0.3018776036850934,-0.5072048952719541,-0.8060488867406455,-0.6580964833562422
0.8702619587500122,0.9665787749114128,1.0,18.203248066299366
0.47226966355518996,-1.0,0.17416830987083043,0.2552222594776219
-1.0,-0.7852313313915595,-0.4139799400863504,2.4877429322581968
-0.6389475554621205,0.5222861573366897,0.08150779605806857,-3.0654523199094825
-0.7882168156326019,0.2666745444196368,1.0,2.9874946904464115
-0.3381931490124508,1.0,-0.7162809601888152,6.311576561996637
0.4335714666951991,0.03002186478237534,-0.8190620337693306,0.6851381420186607
-0.030053491765476892,-0.29653122223938877,1.0,-0.8930660421394058
-1.0,-0.5071999982440045,-0.5777489300667615,-0.1969303311221245
1.0,0.3550592175533971,-0.21760694500672084,5.027436015392964
0.39318575233749287,0.9292417269287614,-1.0,0.9113518905171807
1.0,0.5207667835182428,0.38701539992718303,8.48731757384946
-0.4514057753583349,-0.3898878695405317,-0.7082329567622472,-0.2932613399731457
0.8099452473542421,-0.14232665097803476,0.18526619555423074,2.4045842351648488
-0.1957898916600611,0.49589942731532743,-0.4696941279426001,-0.12380736988515445
-0.47319809171624816,-0.03876106158495074,0.4079062706712706,0.5539638983958219
0.772435075272021,-1.0,0.3047534409092463,-2.677646104761686
-0.30992052120146707,-0.49985716746219544,-0.6296476161173883,0.20948696246165122
-1.0,1.0,-1.0,21.05702610955545
0.44276086303048756,-0.24370130284240332,-0.17908971492603887,1.1581501941406205
0.9196689194848906,-0.018999193068454323,0.6135092105435949,4.867118235272199
-0.8098580225181786,-0.20029934714471342,-0.6350748872073784,1.8671208616498816
0.039482401638418985,0.01602376446652265,-1.0,-2.7410518465940616
1.0,0.9147878835686625,-0.3063046586567546,11.018387541444202
-0.4872047610691306,1.0,-1.0,0.9249622223816343
0.26855186177450685,1.0,-0.832046475683182,10.74159055700824
-0.027711771294043785,0.9817178344744106,-1.0,2.2385353848158767
-0.6126459972251177,0.540840580547056,-0.9735863144648491,-2.1373476367469735
-0.04095413074424026,-0.06960071943718016,-0.3690764605433785,0.532309141211146
0.8478940352471176,0.08437452669261214,-0.5570390291801763,3.138686904167729
0.5117899151227823,-0.23249022344924786,-0.5638442249754123,0.9615192215456474
-0.20506877549444802,-0.44522545269311986,-0.1151853510119265,0.4170384968524712
0.14056622808249752,-0.8185504506157009,-0.12812219917709244,2.0779964766789454
-0.5769633818034166,-0.7188230925735959,-1.0,-3.772374159964909
0.8498857805323226,-1.0,1.0,-7.95329073337162
1.0,-0.7656355541757509,1.0,-0.25076335700882946
0.8282901383343524,-0.3496553635974249,-0.866444539352043,1.0780230276643583
-0.47103170108195513,0.1744660775637108,-0.13465532717120832,-0.6120260049906887
0.3634776026187021,-0.2117005600334596,0.49806166902608506,0.34196074131108056
-0.13194292717772793,-0.9922892702919748,0.6364374448080217,-0.6949422561984785
0.1531237897404325,1.0,0.8612751957538785,10.05450283957518
0.5478286666032579,-0.19633249664381847,-0.49193823537900117,2.186966690771407
0.044097112382657455,-0.3907076940652041,0.46774267935385794,0.5502541554505196
1.0,-0.4438128764903948,-1.0,2.22542437823784
1.0,-0.9568210996358655,0.22129664428170304,-4.805072347603397
-0.43340782794005017,0.44239788143024295,-1.0,-3.18339342520043
-0.8108722116201175,1.0,0.7450364555512821,4.403079106885915
1.0,-0.3176614884016773,-1.0,4.9170048460781475
-0.00873681071364496,0.6882862949651047,1.0,5.4936001963445245
-0.637212121211217,-0.6966936776383537,-0.6475163636026084,1.1753042862501866
-0.13574137119870233,-0.6892055757172664,0.24670758818649952,2.1439224027455235
-0.541446977211772,-0.2196089765457816,0.835748249026963,0.9344173899505817
0.6309268089818485,1.0,1.0,10.748053974896191
-0.4656661025897224,0.40861432922475593,1.0,2.6078353402645873
0.09468755293798092,-0.09539483427123985,1.0,-1.4153923711636782
0.1280362302650102,-0.27142042237797526,-0.9468748780304024,-3.54416159565989
-0.3344160630325739,-0.2669170306819433,0.4295312114248251,-0.1877806630974659
-1.0,0.8471352235874576,0.4947991186288425,-1.9199318433775163
0.14555549845339932,0.8879309245786566,-0.33356720647826377,4.933181366491048
0.26948307249567516,1.0,0.5587963429668543,7.138709782694046
-0.9539006240789758,-1.0,0.2865597635417756,9.42736066534534
-0.03937460127420733,-0.8449354244431206,-0.4036285786998215,1.66619968827713
0.4908419637633221,-0.4269131504124897,0.23202978458290002,1.1741548364898342
0.6413326273576525,-0.2721956171850908,-0.044435980766289074,1.5453682689455923
1.0,0.07188920557442446,0.7489276316459341,9.01101891975602
0.4191019760550523,0.620509256122133,-0.13626712053801393,0.9777715996559712
-1.0,0.9672665387734911,1.0,15.763491579267097
0.051398296138553956,0.030753936501736634,-0.5139759807958126,1.100341437930021
-1.0,0.006076795784215383,1.0,4.005139316153681
0.5813109752426875,0.3344585860992446,-0.4063587547900178,1.2496422954069524
-0.21481080636464345,-1.0,0.5284439403130814,1.066033302305079
0.8284801700181179,-0.24695241584845795,-0.24727006664711948,2.1079124694839644
-0.1888039286415455,-0.3267155800525454,0.5992386019970803,0.06393508310274881
0.6266066892748234,-0.5641721819495158,0.8839305579534538,-1.0926168464268564
0.2479641592166455,-0.38381923736097234,0.24433427464186375,0.7202510245124354
0.8079705163793303,-0.8057467333092618,0.4342632268300224,-1.2905183648797551
-0.1987700578579361,-0.41903192786063914,0.8663298908438846,-0.22981709482179888
-0.11284252558005847,0.41096870807374897,0.0652969754295527,0.48420186771813417
0.29752196688023136,-0.8853382748067742,-0.6351617014548769,-0.6309961003450575
1.0,0.013830055805497343,-0.22280988064345952,4.673336983728054
-0.08131521392746555,0.8325573238400426,-0.22533826588601902,2.275479534859263
-1.0,0.09395811941187193,-1.0,11.972686815358854
1.0,-0.2669069394398047,0.5101348980126317,6.162576075280725
1.0,-0.47307814784486424,1.0,4.787221657691078
-0.36738620846969305,-0.15648958271974212,0.33235623741300113,0.2132758580905738
-1.0,0.2209070770415844,-1.0,14.968843250550963
0.3512117805799899,-0.49971380351578354,0.7613264336239887,-0.7729420788265409
0.20993010993668504,0.949487867749943,-0.4165457633390002,7.821139033943726
1.0,1.0,1.0,26.641494509952388
0.008164665191081166,0.15786971661001625,-0.7292272644424782,0.209872391135779
0.16597628771221995,-0.583617347226989,0.529539912461517,1.1598248170254752
-0.3259861385945271,0.7605318222007982,0.443012380420887,1.539457064380442
0.05265057876834023,-0.7556238976332659,1.0,-2.800439313211007
0.23799468245908528,1.0,0.04113260923973572,7.758482152297736
0.08801122901224989,-0.0240749682670085,0.7110688687967226,0.4531959613848967
-0.2124918711289585,-1.0,0.3868610596006772,2.409165601780259
0.47016625525736666,-1.0,-0.4933034478166487,-2.5898480432087725
-0.5873901176432608,0.2684407732426941,0.9682094520099016,1.7268668609657725
0.4961074950522122,0.8245468204819821,1.0,7.671516876634369
0.9870846919350897,0.3224866325058835,0.04962668229653544,5.83761313960319
0.713394570928156,0.2306817525414837,-1.0,0.3013706249596434
1.0,-0.8793014553938023,-0.11353189229883753,-1.2647976660915559
-0.6274497939747112,-0.2961969245930487,-1.0,0.016897290054312397
-0.04823241234701303,0.44304377931720684,0.725485246459709,1.0524843578560534
1.0,-0.07268033733863843,0.008850919352224373,4.81096813332719
-0.8969237951305689,0.6702032050019564,1.0,7.325417321993806
-0.6572949027791959,1.0,0.1863938018345639,4.08207484247578
-0.8528764477983466,-0.17019972876126066,0.8342292620573457,1.005966289340881
0.7520049215715099,-0.5101310012580398,1.0,-1.9521408816002062
-1.0,1.0,-0.30213553769467505,10.859039815733931
0.24461510751242144,-0.5326975855503333,1.0,-2.5821025028703533
-0.16388045946205132,-0.14921932241446645,-0.4825827953547863,0.911343863764149
1.0,0.2621257588303296,0.42831212882639735,7.942589066879003
-0.995526520926679,0.09616262525288533,-0.6547788506566319,0.11331049473716834
0.8937045639708925,0.11638815786949253,1.0,10.047041161937672
0.7500200546128155,0.7692284770875808,0.676950286834993,5.812107901332908
0.5895881764649982,0.18705810856502403,-1.0,-1.9836172575941593
0.1731513818738124,0.36875284982003875,0.6444622625148508,0.5128369527900276
-0.2621825064629779,0.08475222282009809,-0.08788784325420695,0.3275776515261566
-1.0,1.0,-0.13629704978549895,9.172595282704606
-0.06895629202735565,0.03382216175104369,1.0,0.5439109877211507
-0.6985883581168417,-0.7076741270548328,-0.3795482805188475,2.4959728474870433
-1.0,-1.0,-0.40679578030924457,5.654029452390079
0.7656893328677383,0.8469397316942404,-0.3225760201677135,4.117356652259091
-0.11149162091387432,-0.11433852186704607,0.31794919884465034,-0.1767266063211958
-1.0,-0.7589624056017046,-0.17605485764884565,1.8843678592505069
0.24326313910654762,-0.18857953321746956,-0.5036567967491645,0.7801347673445116
0.5382559020038,0.2297797685930325,-0.9561642237620209,-1.632836408896413
0.4012017403850274,-0.7731806080045545,-1.0,-10.566858782018885
0.06702526077236381,-0.8875126280553138,-0.39894440136128706,1.5843039298322137
-1.0,-0.09158400960505708,0.19779853495137512,-3.9168955184305805
0.05995328833229241,0.14482087800965182,0.9492444599581789,-0.5075032366054524
0.42719789660891894,1.0,-0.7372461812882323,11.887995125191656
0.4468927249930936,0.9471136450035544,0.41759828655814335,5.271371918087573
0.05192911545918344,-0.19009738065379533,0.2656563198903681,0.9402660120067101
1.0,-0.9973008940151058,-0.3566804316934449,-9.405986747598647
-0.2642720457737442,1.0,-0.3674957488300743,8.01152627724074
-0.29428236581176526,-0.24469638451581144,0.11056032800414473,-1.088457701579255
0.3340312663235909,-1.0,-1.0,-20.760665174330537
0.9849126094897327,0.12802870865440874,0.5185074924589321,7.978751120898789
0.7492993427138059,0.06894818331220409,0.05861423206645289,2.596018970636991
0.21521509091592583,-1.0,-0.917642326374811,-13.133761425745632
0.9624702244951602,-0.6215767161219394,1.0,2.093257257221052
-0.08413205674063207,0.6249082433264308,0.22405305688605925,0.5685153278401949
-0.5399999010043037,-1.0,-0.0040087473170473675,4.252481141323615
-1.0,0.7619262924569392,-0.35401200402823507,3.025263258977643
-0.7621100010508193,0.056952906765537215,1.0,2.5884224936084386
1.0,-0.9110022932172299,-0.7132105775589639,-5.376672021227805
-0.8526266842772847,1.0,0.6094335779510514,2.520667292073471
1.0,-1.0,-1.0,-29.996607991241422
0.5829475139556981,-0.7647353204679503,-0.5458485946377369,0.802532668497453
0.544855160916367,-0.44072608502029564,-0.029337693493034278,1.2535766931182917
-1.0,0.05766410140757028,-0.37272715794672817,-3.1580608937119528
-0.7792450619837767,1.0,-1.0,3.297188688313498
-0.04905630855982035,-0.2511288448407487,-0.2584560418992399,0.6593857848555957
-0.329682074663193,-0.40412933546066965,0.21603825567468093,1.047597410463084
-0.2727362828736244,-0.0887598091685815,-0.967773114117467,-1.166668168575196
0.014617521967359437,-0.3354170367677536,1.0,-0.9198059262454674
-0.043368201348237045,-0.8133850029611991,-1.0,-10.337760157541757
-0.3143613130222418,-0.7691687714912512,-0.9603175305646252,-6.740297311840112
0.08608720415695559,0.2349167338496181,0.8114337237648328,0.7670967164199918
-0.050512646438376496,0.7359407017974409,-0.3585696164811585,1.2906691385975186
-0.37843427317638056,-0.4987423952314829,0.6439734789279374,0.501169917889796
-0.9589641363423764,-1.0,0.05665507720370888,7.490057207486836
0.36138057218830566,0.3075058816436713,-1.0,-2.5306634801076324
-0.1049342791879786,0.0654487495258429,0.9149654071221389,0.27592337058257455
0.5525066176827684,0.3772791703552123,-0.07995867191528205,1.3426465404687828
-0.1691494053098901,-1.0,0.0900097888030309,2.7227177007617223
-0.8568244377427374,0.2590806915867787,0.3285271663292719,-3.2128940532481853
-1.0,0.6791482481191726,0.43021125923712455,-3.3675152373485897
-0.9906079110034411,-0.40474791919598374,0.39448529059475246,-0.17954671066064742
-0.002178496824614129,-0.5699597415645383,0.2687660647340322,1.4459391864087419
-1.0,0.8687749757790248,-0.10370639588741803,3.0761541520028515
1.0,0.42549596826764335,1.0,20.494899637773965
-0.10957179009424456,-0.028687809313837853,0.9292607291543495,-0.2921485976567456
-1.0,-0.7093514998586359,0.0020629552049409305,1.2762064241278561
-1.0,0.0894477107700613,0.658971989728893,-3.247300602533452
-1.0,1.0,-0.15356506329795017,9.743405499229274
-1.0,0.6514331036604757,-1.0,19.01541895724141
-0.533870038180339,0.5079143260471191,-1.0,-1.8521756733832144
-0.6218115613601654,-1.0,-1.0,-9.141625196446157
0.08195437619167967,0.25761706403963003,-0.39004477399636817,1.062902276867935
1.0,-0.03513319182367369,-0.40434554912876863,5.171657579241519
0.23197607074038307,0.16188174191626747,-0.4023753901898104,-0.013650899094920899
-1.0,0.6746416972496396,-0.39318350405251246,2.1605344753309255
0.6366807453902497,-0.27512781980995893,1.0,-1.1646500726986806
-1.0,0.18377678908578554,0.7065612260460843,-3.5410257229083184
-0.014740098790775091,-0.15175312139820818,-0.5076511229966956,1.0400528653964631
0.5468615428636077,-0.5902246558176714,0.23167904229986958,1.0972873054339896
0.07047053832749928,1.0,-0.4234566769716581,9.52425105993992
0.8254525967965529,-0.44293270731676815,0.38702451502446666,1.9102822603749232
0.5588134735506933,0.252328365203379,-1.0,-2.387727998531696
1.0,-0.8076050733458395,0.1446801124082875,-0.10062296079274824
1.0,-0.054444229993900084,1.0,11.062085507170481
-1.0,0.5117119965100008,-0.7017076230240604,4.417208398468949
-0.062198710187724604,0.25121543298168736,-0.2879175489329642,0.24038408314505458
-1.0,-0.6515013801903309,0.9940860807869238,12.01919331004848
0.2949534335395456,0.2924481796637879,0.5318624919891357,0.3470202608227574
0.5449876545602068,-0.4629778697836915,-0.6751550049625945,0.8482079041039994
-0.3247159064877956,-0.5877972989890985,-1.0,-4.687738041004927
-0.15794041003624493,-0.010510817279412388,-1.0,-2.787195677052605
-0.15672835986388156,1.0,-0.00943046841630446,7.552046789676898
0.9905356061455095,0.5350871269567263,-0.20152229414377776,5.086646421484521
0.005770956113742454,-1.0,1.0,-7.050822426461731
0.09061755561501017,-1.0,-0.35025113897088933,0.8899984060361943
0.636140512720885,-0.33739492719543684,0.3783439377568074,1.002380521094985
0.5062549273547006,1.0,-1.0,7.426938960625838
-0.38006445580699943,-0.21053782042356062,-1.0,-1.7938230633502066
-0.46322208112301255,-0.42910067925924955,0.7161173918440582,1.2836472941950914
1.0,-0.4009063487078288,1.0,6.700968192609891
-1.0,0.7674348502598347,-0.6043271638200778,5.266497861487538
-0.45760509028892415,-0.6608101299085622,0.9362401385883368,-0.14079598171908092
0.8749983693178662,-0.37424003160123087,0.2887724379892569,3.2197601899018338
-0.323541806569815,-0.7369835705526633,0.5003292848025136,0.9497259725344309
-1.0,0.08121752940112059,-0.41491244525859106,-2.833628409111217
0.3647223762589933,-1.0,-0.2714231224648844,0.10356360965322148
0.33417952144154506,0.875895620796219,0.06745711392145037,3.25216867322916
-0.7950385095639341,0.49692680599950756,-0.4354313436259456,-2.3284755582196106
-1.0,-0.6742883300958984,-0.6987455903346251,2.1145587588130157
0.6080640583024317,0.7022855931154235,0.2250289669870711,1.9604659220394147
0.02193322021130628,0.7257558998408107,-0.6023068243628888,0.4520563179096029
-0.3553217929804777,1.0,-1.0,1.0234134222966376
-0.047938141463352846,-1.0,1.0,-6.876975803413574
-0.8952407769426673,-1.0,-0.6676731113911478,1.9942340022218312
-0.4159298168235448,0.5371458365814437,-0.8117902405667277,-1.458323042591846
0.26488134178555134,-0.7927402886126107,-1.0,-10.559803838603278
-0.8842330167181824,0.05982814470840703,-0.44484378165812766,-1.399764752796536
-0.6573351219363452,-1.0,-0.3898173167109411,2.9122683807819607
0.6284737371760292,0.2086845688284391,-0.2234099150517852,0.879272037019194
1.0,0.9981150454125385,0.4265425076805025,13.27116410122663
0.7666403036716865,0.5579086316723707,-0.017500874940410194,1.9370755242619782
-0.8435657894662987,-0.363463057018411,1.0,3.7902557040248492
0.469006616340786,1.0,0.8711664163742956,9.30187738745412
-0.269668797390229,1.0,0.39054490335790604,7.776799710760203
-1.0,-0.8348756335845562,-0.07172629329296054,2.5742178079957627
0.06198364103696963,1.0,0.047156575627273156,7.771464137331318
1.0,-0.16836059122535652,0.5978076166112585,6.76446813153489
-0.019483199240935667,-1.0,0.26411100267903587,2.1394512202348395
-0.3173071770054747,-0.9449755688206132,0.7128970661847716,0.1945559184217422
1.0,1.0,1.0,26.026437272979322
1.0,-0.3804924155487157,0.48274188613178626,4.600532599588322
-0.28718698891186656,-0.2572664491337646,-1.0,-3.2679072321160567
-1.0,-0.4651654171349644,-0.25030568188594926,-2.1024236055953027
0.2881754791911644,-0.09382880053292175,-0.06275947469580001,1.372261341477663
0.7370462261880408,0.7476057489244363,-1.0,0.7807793461283057
0.11982513683496854,-0.1896018050478958,-0.9993639255813995,-3.5080375881344197
0.5889543439616374,0.13682070949595482,0.7200013368919798,2.0421489706882623
0.1756495244794365,0.9698736725710622,-1.0,2.8041849374041345
-0.04849034142220443,0.6357512730908015,0.6692695260688759,1.4777214395508493
-0.26877354723901803,-0.43369688828769526,-0.277991468513767,0.6097591399327391
-1.0,-1.0,0.18450316271773448,8.451643577362166
-1.0,0.3040961430605902,0.5431432096797613,-4.657540073119628
0.9097210928572286,0.3452567262991926,-0.0063286646196882845,3.0236818525750455
0.08348514972818055,0.2788188789819739,-0.9223682373851503,-1.1677839145414457
-0.2095454590327226,-0.7273986414369689,1.0,-1.398254167117462
1.0,-0.3630248990171605,0.30582213248909684,4.760807855978009
-1.0,0.3019788077427401,0.4410332583107617,-5.1196501584543705
0.20360383673310922,-0.8425201205046893,0.6936224976859036,-0.11383084341232826
-0.7312170692916953,0.7878873712896133,-0.2550655161304529,-1.4694134073046672
0.08356233773202182,-0.26700272571753536,0.02266514014504306,1.6432550652536142
-0.31447875524919633,-1.0,0.08424907166130957,2.504022836383268
0.5302937263132323,-0.9612474847354406,-0.9455232050037445,-14.956913043679648
-0.02009005904530059,0.40645683999690374,0.8034804239391087,0.7295352814580487
0.8058828747657238,0.6954845147096933,0.5608264431302215,4.773827048874912
-0.09390300931321782,-0.22161498279286884,-1.0,-3.484046985943372
0.3326259098338067,-0.0566503789308912,1.0,-1.514534223915534
-0.5185035417740245,-0.3506830849727782,-0.7256948369966989,0.4724076429073649
0.6818206712201973,-0.8338211287730639,1.0,-3.8747777625648294
0.9435728189307322,-1.0,0.26912796628646873,-7.01191805952206
-0.42172750015242677,0.7592253118655485,-0.9449513399747995,-3.5703616841588555
0.19619713068685707,0.40215552223618767,1.0,2.446970352564461
-1.0,0.3724539745548905,-0.7678497840094098,5.349583082732197
-1.0,0.36344402007374166,0.39948053452361165,-4.733590267855828
-0.9806535707884201,0.8516188706943157,0.8354333460894912,1.9562467025294137
1.0,-0.20466557202122737,-0.7760909698447478,6.4933945771633015
0.4806761397338186,-0.3441350480073633,0.1434134473123969,1.0464054101069316
-0.4793119366634295,-0.41958658209228394,-0.48773230150628577,1.554840921389606
0.10525670535859488,-0.01155839772773648,0.8244398683495651,-0.5983002445765169
0.5657431798797812,0.7349644794650259,-0.20745596334499838,1.517355078287764
0.6145126982266076,0.8091690611254148,0.5599697076507417,3.350810329310701
0.46950946466042875,1.0,-0.46403346723180117,10.484537827760901
1.0,-0.3830229736951174,-0.6257691739300177,5.96619272884133
-1.0,-0.29413000284195756,-0.11224972542190659,-3.589507730987062
-0.4801737588635213,0.7076120333406506,-0.933880243225724,-2.830642472355066
0.29364053059903283,0.02215573974740015,0.314966465009888,0.823018489906352
0.4697374800932488,1.0,-1.0,6.2638583598234066
0.47418565735977825,0.30323705602113726,0.6911248118162168,1.0849237395791054
1.0,1.0,-0.9199830635713078,35.575889218803866
-0.41671584051438626,-0.2765506233452293,0.938631781884586,1.1809317049334196
-0.7444304443793952,-1.0,1.0,3.878872243781579
0.7269777942249906,0.055747918856180245,-0.4748933716574939,0.8278163988522709
-1.0,-0.845332700185625,-0.4121675800133213,3.3657351054080276
-1.0,-1.0,0.09512737909262814,8.631982973887922
1.0,1.0,0.1498538790077899,13.311139119660464
1.0,0.31717060322183555,-0.46781119444722274,4.8127322117238895
0.7395899942325148,-0.8803553921743987,0.9003181884598221,-2.2500284766901655
0.09291048993306394,-0.6738966581758561,0.23539998872558265,1.1140120465153989
0.41595927347089345,-0.11776640958013451,1.0,-1.5804649166029145
-0.2149424105979436,-0.6724416387347028,-0.48994426537968283,1.4209318806270526
0.2212114268306833,-0.022564450290816884,1.0,-0.41373230667404104
-0.26539981450477756,1.0,-0.14279632852926394,7.368825122389727
0.1712036898542324,-0.8545878519420462,1.0,-3.5424938577486116
-0.9543169103258204,-0.13570580983314184,1.0,3.2850660180973574
1.0,-0.37862932451269793,1.0,6.74083744191698
-1.0,0.9576383844608263,-0.25440485390371625,8.5635544345709
-1.0,-0.6258999496295572,0.4924895416159265,1.8419489990436975
-1.0,-1.0,-0.5043162891379322,6.040473608120552
-0.35743188689329086,-1.0,-1.0,-13.071377831651752
-1.0,-1.0,-1.0,3.3742242329522276
0.02001933764082109,-0.6149519952341556,-0.7554395486188374,-0.91629972691173
-1.0,-0.3094529997558044,0.18545689957387834,-3.421465114244581
-1.0,-0.09272552913548138,0.34259985010818483,-3.8584090651530776
0.25802300934360556,0.10551196250627215,0.22897748987648692,0.8153864185709703
0.852076301802672,-1.0,-0.16552219868447215,-5.594336877572974
-0.16878194504167632,-0.03265637054589754,1.0,0.4349915734537773
-0.22100778754337114,1.0,0.29962193841791596,7.041096148074263
0.005928527324719157,0.5864954662868958,-1.0,-4.1447698845451475
-0.3251194769744312,-1.0,0.003286906850527904,3.235777391436849
0.1836163251541547,1.0,1.0,11.042218452188454
-1.0,1.0,0.34479452448457026,3.064746792822689
-1.0,-0.6178196739676716,0.36910349269301324,0.5648831458677734
0.08316200829468623,-0.8662875702032413,-0.28447213032054774,1.5950262585196398
0.11238274487073152,-0.9810382992972599,-0.7614439098084158,-4.609297949846011
0.5029423519063998,0.002063195642131088,-1.0,-3.03532273740347
1.0,0.5107599281435886,1.0,22.560535797108933
0.37488692274746094,-0.7278960513929746,-0.15151960922395746,1.5677200993070939
0.38121282839787196,0.09712808581735777,-0.48773578581143306,1.1949268642045063
-1.0,0.8883925494665488,-1.0,20.99182805840943
-1.0,-0.2932017592844147,-1.0,7.274379475621416
-0.24430217885337568,1.0,-1.0,2.660718476705158
-1.0,-1.0,1.0,21.37564682579827
-1.0,-0.3325370101303635,0.1763433182713392,-3.0304356602013676
-1.0,-0.3629538257199565,0.8656744064846031,2.464453701713713
-0.9609917011896396,0.24943090274727098,-0.46707665122381536,-1.291505904988568
-0.08802898360355926,-0.3865751167557985,-1.0,-4.424602208433833
0.9531671606744427,0.16250051626136397,0.3562341607110713,5.7322364802397
0.5798747355171987,-1.0,-1.0,-23.536619658014224
-0.6677449678180842,0.3906379335331671,-0.68369444548583,-0.5189572646572111
-1.0,1.0,0.9862099376751632,15.584899529797745
0.3721798990268048,-1.0,0.05643274200893722,1.1523778138111964
-0.3092096763452019,-0.8707328332981357,0.2165804920677965,2.0495075010718975
0.11030106580939059,0.23464292742728032,0.6139842549954069,0.7217216506951312
0.7201017567715022,0.4023166827348801,-0.744671271854352,2.0611760069263805
-0.24534822977389026,-0.04216203780264727,-0.0758581137925991,0.20538055512602665
1.0,0.8859965477595899,0.48490959600638983,12.3138454888767
0.051414096360222095,-0.26507441190218284,0.24067478373799878,1.2466050678251854
-0.27046222883591087,-1.0,0.6098337484400491,1.1918082476638123
-1.0,0.3047262717154673,-1.0,15.428693992197907
-0.14747079454584555,-0.10763594758889705,0.1786184074197421,-0.06382800306317016
0.3941529288945258,-0.031467437578557744,0.24893193330249264,1.4778243306427261
-0.2369005168305025,-1.0,-0.07399663300074066,2.6384846328276605
-0.2549934544880199,0.32379672082322597,-0.8990876987901366,-2.165377942183264
0.19008588649250213,-0.42654066942212254,0.7606702509509964,0.04177875810546752
-0.150424362141796,1.0,0.7128924749177461,9.841238985790444
-1.0,-0.3583851092968109,0.2532428863007343,-3.347476254336473
-0.1827626959628792,0.22063003242988954,-0.10382897667717073,0.015902264044841623
0.6643255387762894,-0.6076740080559808,0.6527766490682687,1.4052178605921029
1.0,-1.0,0.6864922011531187,-6.35062483802023
0.0211516609658422,-0.15277561052708033,1.0,-0.8709239912717412
0.8917381586762156,0.7553774671755298,-0.3529271396047773,3.636543218976219
0.6533978063824755,-0.21344098620711027,-0.030625686127251806,1.1362891530004466
-0.4162025272769847,1.0,-0.6803078334752779,5.877485574704467
0.2606779956511043,0.4785568969738885,-0.7293828557074828,0.5150326749679869
-0.9119497947425521,-0.34593724863608677,0.9177334187246315,3.4007560394859606
0.39156964935222005,0.48937615716817806,-1.0,-2.7531990931374857
-0.7021935694864994,0.06436847360314579,-0.2119991266794763,-0.9767976831654783
-0.4150101925625389,1.0,-0.7226119715202965,5.16477535684755
-0.872989689449712,0.4211649034890754,-0.2500097384120681,-3.25792016197736
-0.8967513092262498,-0.496327277548291,1.0,6.14695788468178
0.8615396830762341,1.0,0.46738676192285533,8.995060673167567
-1.0,0.07100568638682159,-0.5804251505639793,-1.1802639555321341
-0.17415897861199903,-0.040755233860126916,0.8650298774803566,0.7592258330140644
-0.12057275435264247,1.0,0.541890047753544,8.437466945128007
-0.44473569707421157,-0.48502260904449845,-0.04798019883013227,1.2738468066270523
0.03338271474474652,0.2945966625798211,0.18473573704062485,0.7327760272485797
0.8419988267186242,1.0,-0.47870507472734736,13.332670818274083
-0.49644592871881854,0.4510163463660193,0.6067035773265863,-0.907562310540339
1.0,-0.8408384513731602,-0.6229141888406038,-0.8274907750496727
-0.24950148953121887,0.5989411838771213,-1.0,-3.9288133864667323
0.5582383840834861,0.9341249624332155,1.0,8.467248828286541
1.0,-0.2593833777230776,-0.3115849307905143,5.32981796661184
0.5576597136024515,-0.46187744728154523,0.4956320154917544,1.8716558223388042
-0.1583236905191172,0.007740636659719025,1.0,0.22792635816918527
-0.10252743783839802,-1.0,0.03857541355740057,2.389115158600214
0.40568520133338826,0.601706225610092,-0.42123339605468524,0.3255475414563366
1.0,-0.5099760893182708,-0.9813405596044025,1.7019581643339452
0.7747909084499178,-1.0,0.6488039483678414,-3.0261462270802473
-0.056131095483522575,-0.04319119530757365,0.6812126224449144,-0.41938045712308036
0.44773961886335556,-0.05731049813375888,-0.27458726554196344,1.133350733312011
0.8189736966942616,-0.3662629532889472,-0.7234424990662338,1.5667472247787437
1.0,-0.5555117931783242,0.5789050502527964,5.130292174589988
-0.22050194384758082,1.0,-0.23093758223228633,8.168232656089623
-1.0,-0.10897215866211862,-0.3374425932713454,-2.9390497361465013
-0.633117623397266,-0.6748438352891182,0.3790757601961403,1.0667565867276168
-0.017060180847042528,0.18392760329719238,-0.9295545210209746,-1.8216338063049746
-0.9086122968044459,0.9945200686002,-0.14449004187660663,6.502417288298862
-0.3971680821236605,1.0,-0.06468710271302092,7.24956033223078
0.8707258294715039,1.0,1.0,17.541669085577535
0.8018087014612918,0.33983993630912623,0.17914404909448,2.71908779701434
0.37125870972257347,0.23827138531221137,0.11636933025880158,1.2353531494183436
-0.3952307487386679,-0.6401200530101119,0.14224937606201382,1.4364430198839595
0.8664480403714214,0.7636240693966074,-0.3137021765366723,4.659018933798454
-0.3249484194197807,0.04224749315985843,0.27755317022412607,-0.46047000123448467
-0.5265221304337546,-0.27781039654492967,0.37196226893063167,0.3903539289235478
-1.0,0.9086308070351448,1.0,14.380864347220255
-1.0,0.36149097693881727,-1.0,16.19084386800594
-0.9023107629445868,-1.0,0.025573691082139582,7.148167386100502
-1.0,-0.6663727502685954,1.0,12.572301602661408
0.09524373040887668,-0.29541152376126845,-0.6633608207126886,0.8513691093134873
0.26387473461663347,1.0,0.06354046692616655,8.082464473382421
-1.0,1.0,-0.4955838371940853,12.702737459995054
0.6012321437341384,0.012998521897336968,-1.0,-2.4000765201205714
-1.0,1.0,-0.8969692308957895,17.103039369683685
1.0,1.0,0.2806940304516896,13.019168094548574
0.37037752812484626,0.7604952074059537,-0.3570020029306691,1.631321729404009
0.7037615557347885,0.45148303503520837,-0.2467574568107047,1.168039753267984
-1.0,-1.0,-0.009642348706282444,8.419299739073475
0.9555438581586884,-1.0,-1.0,-29.359042023227353
0.2468987411155701,1.0,-0.13948930394080894,8.196516378220622
0.24003519498175985,0.5588558638518457,-0.10214882868823616,0.7892949760368466
0.01371398708099636,-0.9014145396585906,0.6969522122144756,0.6102175806228888
-0.33584191624651916,-0.6826543515469914,-0.38669286279292603,2.249344825877957
0.5883132196022918,-1.0,-0.4251633265246577,-2.363683159646549
-1.0,0.7325751488303311,-0.8517346479310557,10.995735128187317
-0.11761496919732473,-0.51331411603934,-0.010404909951891916,1.0147711917262452
1.0,0.08576477928966719,0.9714115345766086,12.881216681271567
0.025648641004721418,-1.0,0.2769025154438467,2.3468074602360747
0.22052225516381818,-1.0,0.6623298621712019,-1.136503618720273
-1.0,-1.0,-0.4660294416904758,5.7076771948658935
-0.6413385915946315,-0.12787176902703346,1.0,2.436843978120671
-1.0,-0.40276891550432214,0.22539559277271115,-1.6550470748975816
1.0,1.0,0.016671469649111703,14.939793610781226
-0.7655297596285715,0.5353302252399028,0.032720414644807905,-3.5083703415622036
0.1319171102773835,1.0,-0.0202569481327175,7.7133112522767515
-1.0,0.11561922301680894,0.8826119247218942,-0.03938894318975289
-1.0,0.9518544538853506,-0.5762571617184113,9.90301068118594
-1.0,0.20852189139746247,-0.6303935049157756,-0.25077469056256496
-0.3961979803908262,1.0,-0.28853160789549137,7.20603071362831
-0.0546239119931502,-0.07691618801578981,0.008655063056765,0.3439021511545329
-0.1948957457396976,1.0,0.15666045812371276,6.828746726950903
-1.0,0.7535865146623182,1.0,9.705953189550572
0.49774157810583897,-0.030259695749813798,0.7175817616285736,0.20494333521519537
-0.5768905879083372,-0.3393799615637292,-0.6818998319930296,1.1909154367463857
-0.22515645159577624,-0.9335834627659392,1.0,-3.2261740386010285
0.05200566917486782,0.4010844739169914,1.0,2.4392110584487248
-1.0,0.10289427643450666,0.17874716205528607,-4.555406324313952
0.1829557960367958,-0.4360668540268857,0.9508859263962961,-1.2995680830622875
1.0,-1.0,0.9539524485975546,-8.800923845792218
